projection,m,n,k,dual_variant,single_relative_l2,dual_relative_l2,error_reduction_x,gemm_only_hot_single_us,gemm_only_hot_dual_us,gemm_only_hot_dual_over_single,gemm_only_hot_overhead_pct,gemm_only_cold_single_us,gemm_only_cold_dual_us,gemm_only_cold_dual_over_single,gemm_only_cold_overhead_pct,quantize_gemm_hot_single_us,quantize_gemm_hot_dual_us,quantize_gemm_hot_dual_over_single,quantize_gemm_hot_overhead_pct,quantize_gemm_cold_single_us,quantize_gemm_cold_dual_us,quantize_gemm_cold_dual_over_single,quantize_gemm_cold_overhead_pct
qkvz,1,12288,2560,qkvz32,0.026634303852915764,0.0016748340567573905,15.902652412312332,8.870399743318558,14.553600549697876,1.6406927501390307,64.06927501390307,26.214399933815002,27.44319997727871,1.0468750017763568,4.687500177635684,10.48320010304451,15.590399503707886,1.4871794252196096,48.71794252196096,27.44319997727871,28.66559997200966,1.0445429102926416,4.454291029264157
qkvz,2,12288,2560,qkvz32,0.026492249220609665,0.0016616933280602098,15.942923265832446,9.3470998108387,14.3327996134758,1.5333953743444344,53.33953743444344,26.623999699950218,27.44319997727871,1.0307692415324818,3.076924153248184,10.419099777936935,15.363200008869171,1.47452278376311,47.45227837631101,27.44319997727871,28.26239988207817,1.0298507428243684,2.9850742824368393
qkvz,3,12288,2560,qkvz32,0.02656582184135914,0.0016600062372162938,16.003447002649843,8.832000195980072,14.825600385665894,1.678623194824411,67.86231948244111,26.623999699950218,27.449600026011467,1.0310096279809826,3.1009627980982613,10.367999970912933,15.84320068359375,1.5280864899731195,52.80864899731195,27.44319997727871,28.2624002546072,1.0298507563989163,2.9850756398916323
qkvz,4,12288,2560,qkvz32,0.026080230250954628,0.001650873338803649,15.797838415547004,9.091199934482574,14.46399986743927,1.5909890852337183,59.09890852337183,25.804800167679787,27.436799928545952,1.0632440379410582,6.324403794105815,10.460799932479858,15.49759954214096,1.4814927770506618,48.14927770506618,27.44319997727871,28.678400069475174,1.0450093317550115,4.500933175501154
qkvz,5,12288,2560,qkvz32,0.026843426749110222,0.001656847889535129,16.201503420233603,8.96650031208992,13.88159990310669,1.5481625405610624,54.81625405610624,26.630399748682976,27.44319997727871,1.030521518124636,3.0521518124636104,10.307200253009796,14.918400347232819,1.4473765892805381,44.73765892805381,27.852799743413925,28.672000020742416,1.0294117749337641,2.9411774933764123
qkvz,6,12288,2560,qkvz32,0.026749039068818092,0.0016633491031825542,16.081434148512812,9.468699991703033,14.166399836540222,1.4961293365460473,49.61293365460473,26.214399933815002,27.44319997727871,1.0468750017763568,4.687500177635684,10.742399841547012,15.161600708961487,1.4113792944406047,41.137929444060475,27.852800115942955,28.672000393271446,1.029411774540384,2.9411774540383906
qkvz,7,12288,2560,qkvz32,0.026775944977998734,0.0016586438287049532,16.143275918920477,9.091199934482574,14.4896000623703,1.5938050165866224,59.38050165866224,26.214399933815002,27.859200164675713,1.062744149590051,6.274414959005092,10.393600165843964,15.49759954214096,1.4910713607273491,49.10713607273492,27.852800115942955,28.672000393271446,1.029411774540384,2.9411774540383906
qkvz,8,12288,2560,qkvz32,0.026956675574183464,0.0016687938477844,16.153388634535602,8.70399996638298,14.25279974937439,1.6374999775301309,63.74999775301309,26.624000072479248,27.852800115942955,1.0461538476607013,4.61538476607013,10.371199995279312,15.273599326610565,1.472693548823925,47.2693548823925,27.852800115942955,28.672000393271446,1.029411774540384,2.9411774540383906
qkvz,9,12288,2560,qkvz32,0.026529312133789062,0.0016578593058511615,16.002149301908734,9.087999910116196,14.243200421333313,1.5672535829889995,56.725358298899955,26.214399933815002,27.44319997727871,1.0468750017763568,4.687500177635684,10.61440035700798,15.28639942407608,1.440156665466598,44.0156665466598,27.033599838614464,28.672000393271446,1.060606081485186,6.060608148518609
qkvz,10,12288,2560,qkvz32,0.026215732097625732,0.001652643783017993,15.862905465176286,9.087999910116196,14.262400567531586,1.5693662751531907,56.936627515319074,26.214399933815002,28.2624002546072,1.0781250124344979,7.812501243449788,10.61440035700798,15.318399667739868,1.4431714607058468,44.31714607058468,27.033599838614464,28.672000020742416,1.0606060677049634,6.060606770496335
qkvz,11,12288,2560,qkvz32,0.02653561905026436,0.0016626343131065369,15.959985212072326,9.091199934482574,13.967999815940857,1.536430825040022,53.6430825040022,26.214399933815002,27.987200021743774,1.067626956649958,6.76269566499581,10.6175996363163,15.004800260066986,1.413200796227498,41.320079622749795,27.033599838614464,28.678400442004204,1.0608428257135154,6.08428257135154
qkvz,12,12288,2560,qkvz32,0.0266786627471447,0.0016555982874706388,16.114212577438312,9.091199934482574,14.300799369812012,1.5730376048127184,57.30376048127184,26.214399933815002,27.852800115942955,1.0625000071054274,6.250000710542736,10.620799660682678,15.328000485897064,1.4432058767326206,44.320587673262054,27.033599838614464,28.672000393271446,1.060606081485186,6.060608148518609
qkvz,13,12288,2560,qkvz32,0.02673070877790451,0.0016539562493562698,16.161678271906087,9.10080000758171,13.955199718475342,1.5334036246098715,53.340362460987144,26.150400191545486,27.852800115942955,1.0651003392654717,6.510033926547165,10.620799660682678,14.988799393177032,1.411268442306122,41.12684423061219,27.033599838614464,28.672000393271446,1.060606081485186,6.060608148518609
qkvz,14,12288,2560,qkvz32,0.026418747380375862,0.0016567156417295337,15.946458592493233,9.161599725484848,14.137600362300873,1.5431366558150614,54.31366558150614,26.75200030207634,28.26879993081093,1.0566985500750337,5.669855007503366,10.64319983124733,15.23520052433014,1.4314492601746678,43.14492601746678,27.033599838614464,28.672000393271446,1.060606081485186,6.060608148518609
qkvz,15,12288,2560,qkvz32,0.026881810277700424,0.0016533583402633667,16.258913523500517,9.142299741506577,14.134399592876434,1.5460442112508554,54.604421125085544,26.214399933815002,27.97440029680729,1.0671386858915657,6.713868589156569,10.623999685049057,15.20639955997467,1.4313253022187429,43.13253022187429,27.033599838614464,28.806399926543236,1.0655776551592113,6.557765515921132
qkvz,16,12288,2560,qkvz32,0.02655145898461342,0.0016544683603569865,16.048332878897956,9.091199934482574,14.454400539398193,1.5899331929301437,58.993319293014366,26.214400306344032,27.583999931812286,1.052246078852195,5.224607885219501,10.627199709415436,15.532800555229187,1.4616080416243151,46.16080416243151,27.17439979314804,28.672000393271446,1.0551107149200412,5.511071492004116
qkvz,17,12288,2560,qkvz32,0.02669115550816059,0.0016613529296591878,16.06591533421863,14.735999703407288,20.083199441432953,1.3628664390369982,36.286643903699826,26.214400306344032,28.2624002546072,1.0781249971134201,7.812499711342014,16.422399878501892,21.142399311065674,1.287412282460775,28.741228246077497,27.03999988734722,29.075200110673904,1.0752662807620428,7.526628076204278
qkvz,18,12288,2560,qkvz32,0.026575550436973572,0.0016543357633054256,16.064181786093176,14.672000706195831,19.974400103092194,1.36139579755181,36.139579755181,26.214399933815002,28.416000306606293,1.0839843894328993,8.398438943289932,16.390399634838104,21.055999398231506,1.284654423768691,28.4654423768691,27.033599838614464,29.075200110673904,1.0755208438479305,7.552084384793045
qkvz,19,12288,2560,qkvz32,0.026890572160482407,0.0016549407737329602,16.248661334161707,14.847999811172485,20.43830007314682,1.376501908207722,37.65019082077219,26.214399933815002,28.672000020742416,1.0937500035527137,9.375000355271368,16.463999450206757,21.491199731826782,1.3053450224427026,30.534502244270257,27.033599838614464,29.081600159406662,1.0757575880762598,7.575758807625976
qkvz,20,12288,2560,qkvz32,0.026754463091492653,0.001655285945162177,16.16304613090361,14.895999431610107,20.028799772262573,1.3445757610436255,34.45757610436255,26.214399933815002,27.852800115942955,1.0625000071054274,6.250000710542736,16.592000424861908,21.107199788093567,1.272131102194643,27.21311021946431,27.033599838614464,29.081600159406662,1.0757575880762598,7.575758807625976
qkvz,21,12288,2560,qkvz32,0.026568038389086723,0.0016537681221961975,16.065153289933097,15.993599593639374,19.891199469566345,1.2436974774257221,24.369747742572212,26.214400306344032,28.671999648213387,1.0937499737987368,9.374997379873683,16.48319959640503,20.975999534130096,1.2725684362097358,27.25684362097358,27.033599838614464,29.075200110673904,1.0755208438479305,7.552084384793045
qkvz,22,12288,2560,qkvz32,0.02686901018023491,0.0016582368407398462,16.203361015816604,15.142400562763214,19.811199605464935,1.3083262144169399,30.832621441693988,26.43199972808361,28.26239988207817,1.0692494012115847,6.924940121158474,16.659200191497803,20.91200053691864,1.2552823843002558,25.528238430025585,27.033599838614464,29.081600159406662,1.0757575880762598,7.575758807625976
qkvz,23,12288,2560,qkvz32,0.02661723829805851,0.001655466272495687,16.078393586316846,15.929600596427917,19.548800587654114,1.2271996695282976,22.71996695282976,25.939200073480606,28.2624002546072,1.0895632931834995,8.956329318349955,17.286400496959686,20.636799931526184,1.1938170664943093,19.38170664943093,27.033599838614464,29.075200110673904,1.0755208438479305,7.552084384793045
qkvz,24,12288,2560,qkvz32,0.026968836784362793,0.0016518289921805263,16.32665179750968,15.868799388408661,19.4815993309021,1.227666873470743,22.7666873470743,26.22079998254776,28.6591999232769,1.0929948720997114,9.299487209971137,17.27360039949417,20.576000213623047,1.19118190404738,19.118190404737987,27.033599838614464,29.08800020813942,1.075994332304589,7.599433230458907
qkvz,25,12288,2560,qkvz32,0.02684354968369007,0.0016585738630965352,16.18471765470458,15.788799524307251,20.14079988002777,1.2756384580740612,27.563845807406118,26.137600466609,27.852800115942955,1.065621924687583,6.56219246875831,17.267200350761414,21.235300600528717,1.2298056528655688,22.980565286556875,27.033599838614464,29.075200483202934,1.0755208576281532,7.552085762815319
qkvz,26,12288,2560,qkvz32,0.026641132310032845,0.001659558853134513,16.053141025829888,15.868799388408661,19.568000733852386,1.233111608187939,23.311160818793898,26.624000072479248,28.678400069475174,1.077163461215564,7.7163461215564055,17.35360026359558,20.720000565052032,1.1939885816385025,19.398858163850253,27.033599838614464,29.081600159406662,1.0757575880762598,7.575758807625976
qkvz,27,12288,2560,qkvz32,0.026688575744628906,0.0016579438233748078,16.097394476432438,15.971200168132782,20.25279998779297,1.268082534473723,26.808253447372298,26.77760012447834,28.672000020742416,1.0707456936938997,7.074569369389971,17.491300404071808,21.41440063714981,1.2242886544996245,22.428865449962455,27.033599838614464,29.081600159406662,1.0757575880762598,7.575758807625976
qkvz,28,12288,2560,qkvz32,0.02651236020028591,0.0016593533800914884,15.977525051851314,14.937600493431091,19.750399887561798,1.3221936077516043,32.21936077516043,26.214399933815002,28.671999648213387,1.093749989341859,9.374998934185896,17.203199863433838,20.902399718761444,1.2150297552021365,21.502975520213653,27.033599838614464,29.081600159406662,1.0757575880762598,7.575758807625976
qkvz,29,12288,2560,qkvz32,0.02669418603181839,0.0016610401216894388,16.070765349525583,17.267200350761414,19.87520009279251,1.151037787774096,15.103778777409605,26.48960016667843,28.678400442004204,1.0826286641381282,8.26286641381282,17.59680062532425,21.030400693416595,1.1951263835512755,19.512638355127553,27.033599838614464,29.081599786877632,1.075757574296037,7.575757429603702
qkvz,30,12288,2560,qkvz32,0.026606878265738487,0.001656549982726574,16.061621166386594,15.987299382686615,20.04159986972809,1.2535950813201173,25.359508132011733,26.080000028014183,28.678399696946144,1.0996318890391432,9.963188903914322,17.267200350761414,21.196800470352173,1.2275759845120162,22.757598451201623,27.033599838614464,29.228800162672997,1.0812026639871666,8.120266398716659
qkvz,31,12288,2560,qkvz32,0.026599237695336342,0.0016584554687142372,16.03856009227557,16.21119976043701,19.66720074415207,1.2131860093507287,21.318600935072872,25.811199843883514,28.26239988207817,1.094966528213353,9.496652821335294,17.3567995429039,20.815999805927277,1.1992994304320133,19.929943043201327,27.033599838614464,29.081600159406662,1.0757575880762598,7.575758807625976
qkvz,32,12288,2560,qkvz32,0.026586081832647324,0.0016568579012528062,16.046084466594685,16.355200111865997,19.74720060825348,1.2073958418843511,20.73958418843511,26.214400306344032,28.672000020742416,1.0937499880095916,9.374998800959155,17.718499898910522,20.895999670028687,1.179332324364183,17.93323243641829,27.033599838614464,29.075200110673904,1.0755208438479305,7.552084384793045
qkvz,33,12288,2560,qkvz64_pipereg_cfg2,0.02681436575949192,0.0016575765330344439,16.176849288765073,18.080000579357147,26.211199164390564,1.4497344206015799,44.973442060157986,27.44319997727871,37.13280111551285,1.3530783999772817,35.30783999772817,18.268799781799316,27.398398518562317,1.4997371937842658,49.97371937842659,27.808000147342682,34.195200353860855,1.2296893042532773,22.968930425327727
qkvz,34,12288,2560,qkvz64_pipereg_cfg2,0.02663840912282467,0.0016567277489230037,16.07892976992847,17.56799966096878,25.366398692131042,1.4438979497755877,44.38979497755877,26.630399748682976,36.04480102658272,1.353520839594807,35.35208395948071,19.020800292491913,26.54080092906952,1.3953566895682081,39.535668956820814,27.44319997727871,33.99680033326149,1.2388059833185912,23.880598331859115
qkvz,35,12288,2560,qkvz64_pipereg_cfg2,0.026724450290203094,0.0016569016734138131,16.129170921253955,17.49120056629181,26.508799195289612,1.5155505818380517,51.55505818380517,27.033599838614464,38.09279948472977,1.409090898442555,40.9090898442555,18.9983993768692,27.71199941635132,1.458649166523525,45.864916652352505,27.449600026011467,34.803200513124466,1.2678946316210316,26.789463162103154
qkvz,36,12288,2560,qkvz64_pipereg_cfg2,0.026714090257883072,0.001657057786360383,16.12139931254829,17.587199807167053,26.451200246810913,1.504002941732182,50.40029417321821,27.033599838614464,38.50239962339401,1.4242424188138516,42.42424188138516,19.1103994846344,27.667200565338135,1.4477562642049309,44.77562642049308,27.03999988734722,34.81600061058998,1.2875739924422622,28.75739924422622
qkvz,37,12288,2560,qkvz64_pipereg_cfg2,0.02659321390092373,0.0016586545389145613,16.03300342356195,17.59999990463257,25.05599856376648,1.4236362897463077,42.36362897463077,27.852800115942955,36.86400130391121,1.3235294530696122,32.352945306961225,19.327999651432037,26.259198784828186,1.3586092331537583,35.86092331537583,27.315200120210648,34.278400242328644,1.2549203407433904,25.492034074339042
qkvz,38,12288,2560,qkvz64_pipereg_cfg2,0.0266873836517334,0.0016598508227616549,16.07818201838826,18.28480064868927,26.924800872802734,1.4725236216744215,47.25236216744215,27.033599838614464,37.68320009112358,1.3939394056317043,39.393940563170425,19.209599494934082,28.13439965248108,1.4646010532338598,46.46010532338598,27.44319997727871,34.41280052065849,1.2539645722492343,25.39645722492343
qkvz,39,12288,2560,qkvz64_pipereg_cfg2,0.02675102837383747,0.0016571673331782222,16.142623522835578,17.48799979686737,25.119999051094055,1.4364135031379521,43.641350313795215,27.033599838614464,37.68320083618164,1.39393943319215,39.393943319215,18.963199853897095,26.368001103401184,1.3904826878667496,39.04826878667495,27.44319997727871,33.99680033326149,1.2388059833185912,23.880598331859115
qkvz,40,12288,2560,qkvz64_pipereg_cfg2,0.02668314427137375,0.001658941269852221,16.08444177999785,17.958399653434753,25.462400913238525,1.4178546755065975,41.785467550659746,27.033600211143494,36.04480102658272,1.3333333608937785,33.33333608937785,19.247999787330627,26.719999313354492,1.3881961558905496,38.819615589054955,27.436799928545952,34.00320038199425,1.2393282186898351,23.93282186898351
qkvz,41,12288,2560,qkvz64_pipereg_cfg2,0.02676020935177803,0.0016606812132522464,16.113995352167166,17.820799350738525,23.996800184249878,1.3465613809997479,34.65613809997479,27.340799942612648,37.26080134510994,1.3628277674142313,36.28277674142313,19.417700171470642,25.2128005027771,1.2984442173960888,29.844421739608883,27.44319997727871,34.00320038199425,1.2390391940497762,23.903919404977625
qkvz,42,12288,2560,qkvz64_pipereg_cfg2,0.02674938179552555,0.0016565843252465129,16.147310696993966,17.59680062532425,26.30400061607361,1.494817221388443,49.4817221388443,27.033599838614464,37.28000000119209,1.3790246294887372,37.90246294887372,19.523200392723083,27.57120132446289,1.4122275431204174,41.222754312041744,27.852800115942955,33.99680033326149,1.2205882421782688,22.058824217826878
qkvz,43,12288,2560,qkvz64_pipereg_cfg2,0.026704540476202965,0.0016603261465206742,16.08391250849367,18.46719980239868,25.77590048313141,1.3957665893550038,39.576658935500376,27.328000217676163,37.676799297332764,1.3786884878961192,37.86884878961192,19.66720074415207,27.0143985748291,1.37357618535834,37.35761853583399,27.44319997727871,34.80960056185722,1.2684235289863224,26.84235289863224
qkvz,44,12288,2560,qkvz64_pipereg_cfg2,0.026841772720217705,0.0016564971301704645,16.203935540447034,18.20479929447174,24.883200228214264,1.366848369252308,36.68483692523079,27.03999988734722,36.86400130391121,1.3633136633687974,36.331366336879746,19.500799477100372,26.1788010597229,1.3424475796730513,34.24475796730513,27.44319997727871,34.41280052065849,1.2539645722492343,25.39645722492343
qkvz,45,12288,2560,qkvz64_pipereg_cfg2,0.026713499799370766,0.0016572857275605202,16.118825713108816,17.64480024576187,26.950401067733765,1.5273848778314743,52.73848778314743,27.033599838614464,38.09279948472977,1.409090898442555,40.9090898442555,19.71520036458969,28.172799944877625,1.4289887712974279,42.898877129742786,27.436799928545952,34.52800065279007,1.2584558236642696,25.845582366426957
qkvz,46,12288,2560,qkvz64_pipereg_cfg2,0.0268959179520607,0.0016604108968749642,16.198350662887798,17.628799378871918,25.619199872016907,1.453258348536286,45.3258348536286,27.033599838614464,37.68319934606552,1.3939393780712586,39.39393780712586,19.36960071325302,26.918399333953857,1.3897240181897923,38.97240181897923,27.289599925279617,34.41280052065849,1.2610225366030494,26.102253660304942
qkvz,47,12288,2560,qkvz64_pipereg_cfg2,0.026641113683581352,0.0016574182081967592,16.073863284370695,18.825599551200867,25.328001379966736,1.3454021111561936,34.54021111561936,26.630399748682976,36.04480028152466,1.3535208116170798,35.352081161707986,20.281599462032318,26.630398631095886,1.3130324696998719,31.303246969987185,27.44319997727871,33.99680033326149,1.2388059833185912,23.880598331859115
qkvz,48,12288,2560,qkvz64_pipereg_cfg2,0.026543762534856796,0.001655528787523508,16.033404393144618,18.249599635601044,24.723200500011444,1.3547256374754544,35.472563747545436,27.033599838614464,37.40159943699837,1.3835227147061036,38.352271470610354,20.22079974412918,26.03839933872223,1.2877037341849995,28.77037341849995,27.44319997727871,33.99680033326149,1.2388059833185912,23.880598331859115
qkvz,49,12288,2560,qkvz64_pipereg_cfg2,0.026812823489308357,0.0016549357678741217,16.201730610820785,19.18399930000305,24.828800559043884,1.2942452807032752,29.424528070327515,27.033599838614464,37.79840022325516,1.398200774181187,39.82007741811871,20.524699985980988,26.150399446487427,1.2740941141331648,27.409411413316477,27.852800115942955,35.21920070052147,1.2644761228283825,26.44761228283825
qkvz,50,12288,2560,qkvz64_pipereg_cfg2,0.026627682149410248,0.0016609739977866411,16.031366044798663,18.412800133228302,25.116801261901855,1.3640946015905158,36.40946015905158,27.033599838614464,36.45440116524696,1.348484899638706,34.8484899638706,20.396800339221954,26.412799954414368,1.2949482034014899,29.494820340148987,27.44319997727871,34.406400471925735,1.2537313615180492,25.37313615180492
qkvz,51,12288,2560,qkvz64_pipereg_cfg2,0.02680523321032524,0.0016575490590184927,16.171607750902886,19.756799936294556,24.454399943351746,1.237771300119681,23.777130011968104,27.033599838614464,36.0384002327919,1.3330966074786343,33.30966074786343,20.54399996995926,25.788798928260803,1.255295899823346,25.52958998233461,27.436799928545952,34.406400471925735,1.2540238133284791,25.402381332847913
qkvz,52,12288,2560,qkvz64_pipereg_cfg2,0.026802165433764458,0.00165915722027421,16.154084197840422,19.69600021839142,25.24160146713257,1.2815597678336166,28.15597678336166,27.033599838614464,36.454399675130844,1.3484848445178146,34.84848445178146,21.321600675582886,26.598399877548218,1.2474860720944008,24.748607209440078,27.44319997727871,34.00320038199425,1.2390391940497762,23.903919404977625
qkvz,53,12288,2560,qkvz64_pipereg_cfg2,0.026842206716537476,0.0016588546568527818,16.181168498187265,18.60799938440323,24.428799748420715,1.3128117238060713,31.281172380607124,27.44319997727871,36.04480028152466,1.3134328471667862,31.34328471667862,21.568000316619873,25.785601139068604,1.1955489966864814,19.55489966864814,27.852800115942955,34.406400471925735,1.2352941294484605,23.52941294484605
qkvz,54,12288,2560,qkvz64_pipereg_cfg2,0.026726599782705307,0.0016617134679108858,16.08375950416176,18.50550025701523,23.887999355793,1.2908594214705071,29.085942147050716,27.033599838614464,35.63520088791847,1.318181858896113,31.818185889611293,20.768000185489655,25.26719868183136,1.2166409117949277,21.66409117949277,27.44319997727871,34.406400471925735,1.2537313615180492,25.37313615180492
qkvz,55,12288,2560,qkvz64_pipereg_cfg2,0.026704398915171623,0.0016601955285295844,16.085092663045174,18.28799992799759,24.191999435424805,1.322834620006129,32.28346200061289,26.623999699950218,36.04480028152466,1.3538461796779564,35.38461796779564,20.336000621318817,25.55840015411377,1.2568056340104632,25.68056340104632,27.852799743413925,34.81600061058998,1.2500000334373056,25.000003343730558
qkvz,56,12288,2560,qkvz64_pipereg_cfg2,0.02671155147254467,0.0016553082969039679,16.136904238627356,18.44159960746765,23.763200640678406,1.2885650456837732,28.856504568377318,27.033599838614464,36.454400420188904,1.3484848720782603,34.848487207826025,20.51839977502823,25.16160011291504,1.2262944668588525,22.629446685885245,27.852800115942955,34.406400471925735,1.2352941294484605,23.52941294484605
qkvz,57,12288,2560,qkvz64_pipereg_cfg2,0.026664966717362404,0.0016582466196268797,16.080217744307696,18.71359944343567,24.36479926109314,1.3019835833688207,30.19835833688207,26.764800027012825,36.851200461387634,1.3768531961454948,37.685319614549485,21.059200167655945,25.775998830795288,1.2239780535627227,22.397805356272272,27.852800115942955,34.41280052065849,1.2355239106089226,23.552391060892262
qkvz,58,12288,2560,qkvz64_pipereg_cfg2,0.02672075852751732,0.001660207868553698,16.094827059695422,19.66080069541931,24.563199281692505,1.2493488776077866,24.934887760778658,27.44319997727871,35.628800839185715,1.2982742853852387,29.82742853852387,20.83519995212555,25.977599620819092,1.2468130702133688,24.681307021336885,27.852800115942955,34.406400471925735,1.2352941294484605,23.52941294484605
qkvz,59,12288,2560,qkvz64_pipereg_cfg2,0.02670106664299965,0.001657829969190061,16.10603447833951,18.63359957933426,24.20479953289032,1.2989867808329876,29.89867808329876,27.03999988734722,36.998400837183,1.3682840603300297,36.82840603300297,20.505599677562714,25.622400641441345,1.2495318861353493,24.953188613534927,27.852800115942955,34.41280052065849,1.2355239106089226,23.552391060892262
qkvz,60,12288,2560,qkvz64_pipereg_cfg2,0.02670939266681671,0.0016559204086661339,16.129635535038478,18.953600525856018,23.772799968719482,1.2542630059280417,25.426300592804175,27.44319997727871,36.86400055885315,1.3432836035657025,34.32836035657025,21.011200547218323,25.18720030784607,1.1987511256790422,19.875112567904218,27.449600026011467,34.540800750255585,1.2583353024278838,25.833530242788385
qkvz,61,12288,2560,qkvz64_pipereg_cfg2,0.02661767043173313,0.0016610949533060193,16.024171513348417,20.278400182724,24.20479953289032,1.1936247097791957,19.362470977919564,27.5712002068758,36.86400055885315,1.337047363997592,33.70473639975919,21.590399742126465,25.644800066947937,1.187787181953406,18.778718195340605,28.255999833345413,34.406400471925735,1.2176670680512294,21.766706805122936
qkvz,62,12288,2560,qkvz64_pipereg_cfg2,0.026730427518486977,0.001655513420701027,16.146306749460226,18.7391996383667,25.516799092292786,1.3616803057079132,36.16803057079132,27.44319997727871,37.68320009112358,1.3731343328155232,37.31343328155232,20.768000185489655,26.969599723815918,1.2986132262585035,29.86132262585035,27.852800115942955,35.10400056838989,1.2603400886899105,26.034008868991055
qkvz,63,12288,2560,qkvz64_pipereg_cfg2,0.026821410283446312,0.0016585825942456722,16.17128406900035,19.414399564266205,24.76159930229187,1.2754244199170406,27.54244199170406,27.44319997727871,35.603200644254684,1.2973414424604985,29.734144246049855,20.559999346733093,26.19839906692505,1.2742412402405001,27.424124024050013,28.2624002546072,34.81600061058998,1.2318840684776744,23.18840684776744
qkvz,64,12288,2560,qkvz64_pipereg_cfg2,0.02664247341454029,0.001656565349549055,16.082959493142134,19.36960071325302,24.665600061416626,1.2734180960446948,27.341809604469482,27.44319997727871,35.22560074925423,1.2835821179169655,28.358211791696554,20.72319984436035,26.11840069293976,1.260345935429835,26.034593542983497,27.846400067210197,34.81600061058998,1.2502873091874684,25.028730918746845
qkvz,65,12288,2560,qkvz64_pipereg_cfg2,0.026732634752988815,0.0016571453306823969,16.131738271851248,19.95840072631836,31.63839876651764,1.5852171323926434,58.521713239264336,27.73119993507862,35.63520088791847,1.2850219597905561,28.50219597905561,22.00320065021515,33.15519988536835,1.506835319662649,50.683531966264894,28.672000393271446,36.86400055885315,1.2857142875703973,28.57142875703973
qkvz,66,12288,2560,qkvz64_pipereg_cfg2,0.026743058115243912,0.0016564970137551427,16.1443442959306,20.41279971599579,30.534398555755615,1.495845693906867,49.584569390686696,27.449600026011467,34.81600061058998,1.2683609443342727,26.83609443342727,21.958400309085846,32.24000036716461,1.4682308325449598,46.82308325449598,28.2624002546072,35.63520088791847,1.2608695852755603,26.086958527556025
qkvz,67,12288,2560,qkvz64_pipereg_cfg2,0.02663535811007023,0.001660970039665699,16.036025619963073,20.86080014705658,29.068800806999207,1.393465284269106,39.346528426910595,27.852800115942955,35.22560074925423,1.2647059039888444,26.47059039888444,22.15999960899353,30.956798791885376,1.3969674791565296,39.69674791565296,28.672000393271446,36.454400420188904,1.271428568644404,27.1428568644404
qkvz,68,12288,2560,qkvz64_pipereg_cfg2,0.026681432500481606,0.001656035310588777,16.111632602203056,20.559999346733093,30.630400776863098,1.4898055325925947,48.98055325925947,27.852800115942955,34.82240065932274,1.2502297978791146,25.02297978791146,21.99999988079071,32.4319988489151,1.4741817738477847,47.418177384778474,28.672000393271446,35.628800839185715,1.2426339407956637,24.263394079566368
qkvz,69,12288,2560,qkvz64_pipereg_cfg2,0.026681004092097282,0.0016613475745543838,16.05985676973936,20.441600680351257,30.36159873008728,1.485284797646559,48.528479764655906,28.672000393271446,36.04480102658272,1.2571428757039733,25.71428757039733,22.118400037288666,32.259199023246765,1.4584779626402482,45.84779626402482,28.672000393271446,36.454400420188904,1.271428568644404,27.1428568644404
qkvz,70,12288,2560,qkvz64_pipereg_cfg2,0.026772357523441315,0.0016587245045229793,16.140327975163412,20.601600408554077,30.99519908428192,1.5045044302195218,50.45044302195218,27.852800115942955,35.63520088791847,1.2794117912590364,27.941179125903638,22.361600399017334,32.73920118808746,1.4640813092038871,46.408130920388714,28.672000393271446,36.45440116524696,1.2714285946299666,27.14285946299666
qkvz,71,12288,2560,qkvz64_pipereg_cfg2,0.026426296681165695,0.001659091329202056,15.928174788229102,20.96640020608902,30.54719865322113,1.4569596284034336,45.69596284034336,28.672000020742416,35.40480062365532,1.2348214494294831,23.482144942948313,22.201600670814514,32.4319988489151,1.460795522349392,46.0795522349392,28.678400442004204,36.448001116514206,1.2709216886144792,27.092168861447917
qkvz,72,12288,2560,qkvz64_pipereg_cfg2,0.02670946717262268,0.001658475142903626,16.104834182718147,20.870399475097656,30.630400776863098,1.4676480348836147,46.76480348836147,27.852800115942955,35.21920070052147,1.2644761228283825,26.44761228283825,22.303999960422516,32.45120048522949,1.454949809128979,45.4949809128979,28.672000393271446,35.628800094127655,1.242633914810101,24.26339148101011
qkvz,73,12288,2560,qkvz64_pipereg_cfg2,0.026746472343802452,0.0016589993610978127,16.122051021227314,20.998400449752808,31.084799766540527,1.480341316517109,48.03413165171091,27.852800115942955,35.22560074925423,1.2647059039888444,26.47059039888444,22.42559939622879,32.79680013656616,1.4624715066515213,46.24715066515213,28.672000393271446,36.46080046892166,1.2716517846267203,27.165178462672035
qkvz,74,12288,2560,qkvz64_pipereg_cfg2,0.026779957115650177,0.0016628511948511004,16.104842813699985,21.06879949569702,30.14400005340576,1.4307412275465534,43.07412275465534,27.852800115942955,35.232000797986984,1.2649356851493065,26.493568514930654,22.121599316596985,32.09280073642731,1.450745051346686,45.0745051346686,28.672000393271446,36.04480028152466,1.2571428497184107,25.714284971841074
qkvz,75,12288,2560,qkvz64_pipereg_cfg2,0.026703597977757454,0.0016583373071625829,16.102633560989677,21.28639966249466,30.239999294281006,1.4206253651979506,42.06253651979506,27.852800115942955,35.63520088791847,1.2794117912590364,27.941179125903638,22.444799542427063,32.2272002696991,1.4358426418013006,43.58426418013006,29.081600159406662,36.46080121397972,1.253741232054805,25.374123205480494
qkvz,76,12288,2560,qkvz64_pipereg_cfg2,0.026672378182411194,0.0016574572073295712,16.092348004196538,20.707200467586517,31.10400140285492,1.5020862647050124,50.20862647050124,27.859200164675713,35.22560074925423,1.2644153651589323,26.441536515893226,23.321600258350372,32.6880007982254,1.4016191185903446,40.16191185903446,28.787200152873993,36.04480102658272,1.2521120788116713,25.21120788116713
qkvz,77,12288,2560,qkvz64_pipereg_cfg2,0.026664769276976585,0.0016581726958975196,16.080815552534315,21.171200275421143,29.951998591423035,1.4147520311446877,41.47520311446877,27.846400067210197,35.628800839185715,1.279476009580839,27.947600958083907,23.158399760723114,31.84959888458252,1.3752935960022492,37.52935960022492,29.081600159406662,36.04480028152466,1.2394366226050217,23.943662260502173
qkvz,78,12288,2560,qkvz64_pipereg_cfg2,0.026803387328982353,0.0016567546408623457,16.17824792392379,21.145600080490112,30.91840147972107,1.46216713462995,46.21671346299501,28.2624002546072,34.81600061058998,1.2318840684776744,23.18840684776744,22.617599368095398,32.841598987579346,1.4520373472485333,45.20373472485333,28.966400027275085,36.448001116514206,1.2582854991367365,25.828549913673648
qkvz,79,12288,2560,qkvz64_pipereg_cfg2,0.02670123055577278,0.0016563590615987778,16.120436187308194,21.004800498485565,30.169600248336792,1.4363192952254893,43.63192952254893,27.852800115942955,34.81600061058998,1.2500000167186525,25.000001671865245,23.308800160884857,32.03519880771637,1.3743821469401725,37.43821469401725,29.081600159406662,36.45440116524696,1.2535211599577514,25.352115995775137
qkvz,80,12288,2560,qkvz64_pipereg_cfg2,0.026781300082802773,0.0016586554702371359,16.14639119658399,21.884800493717194,31.148800253868103,1.4233074805872903,42.33074805872903,28.384000062942505,35.232000797986984,1.2412627085632328,24.126270856323284,23.161600530147552,32.63680040836334,1.4090908944691753,40.909089446917534,28.672000393271446,36.85760125517845,1.2854910975736435,28.549109757364356
qkvz,81,12288,2560,qkvz64_pipereg_cfg2,0.026717524975538254,0.0016567094717174768,16.12686197045807,21.849599480628967,31.148800253868103,1.4256005141642736,42.560051416427356,28.2624002546072,35.22560074925423,1.2463768268766173,24.637682687661734,22.93439954519272,33.25119912624359,1.4498395330002602,44.98395330002602,29.081600159406662,36.04480102658272,1.2394366482245909,23.943664822459088
qkvz,82,12288,2560,qkvz64_pipereg_cfg2,0.02672075852751732,0.0016581352101638913,16.114945490407997,21.779200434684753,30.75839877128601,1.412283194855093,41.22831948550929,28.66560034453869,35.22560074925423,1.2288457358600318,22.884573586003178,22.90239930152893,32.841598987579346,1.4339807177052795,43.39807177052795,29.081600159406662,36.45440116524696,1.2535211599577514,25.352115995775137
qkvz,83,12288,2560,qkvz64_pipereg_cfg2,0.02669958956539631,0.001657247543334961,16.11080352647101,20.927999913692474,31.385600566864014,1.49969422287361,49.96942228736101,27.852800115942955,36.86400055885315,1.323529426319768,32.35294263197681,23.14240038394928,33.001598715782166,1.4260231509377421,42.60231509377421,28.672000393271446,36.45440116524696,1.2714285946299666,27.14285946299666
qkvz,84,12288,2560,qkvz64_pipereg_cfg2,0.026742026209831238,0.0016575627960264683,16.133341236867516,21.86560034751892,31.676799058914185,1.4487047488046005,44.87047488046005,28.672000020742416,35.232000797986984,1.2287946697997634,22.879466979976335,23.64480048418045,33.67359936237335,1.4241439417051824,42.41439417051824,29.081600159406662,36.454400420188904,1.2535211343381825,25.352113433818246
qkvz,85,12288,2560,qkvz64_pipereg_cfg2,0.026718728244304657,0.001656055566854775,16.1339563593567,21.347199380397797,31.02079927921295,1.45315545737105,45.31554573710499,28.2624002546072,35.63520088791847,1.2608695852755603,26.086958527556025,23.996800184249878,32.99520015716553,1.3749833271029894,37.49833271029894,28.672000393271446,36.454400420188904,1.271428568644404,27.1428568644404
qkvz,86,12288,2560,qkvz64_pipereg_cfg2,0.026671716943383217,0.0016574895707890391,16.09163485154618,22.153599560260773,31.50080144405365,1.4219270037073313,42.19270037073313,27.859200164675713,35.628800839185715,1.2788881456963552,27.88881456963552,23.0335995554924,33.52000117301941,1.455265430497011,45.5265430497011,28.672000393271446,36.45440116524696,1.2714285946299666,27.14285946299666
qkvz,87,12288,2560,qkvz64_pipereg_cfg2,0.026837492361664772,0.0016582595417276025,16.184132632039628,21.63199931383133,31.567999720573425,1.4593195599996667,45.93195599996667,29.081600159406662,35.22560074925423,1.2112676247582697,21.126762475826965,23.00799936056137,33.0592006444931,1.436856813424672,43.6856813424672,29.075200110673904,36.56960055232048,1.2577592041712304,25.775920417123043
qkvz,88,12288,2560,qkvz64_pipereg_cfg2,0.026610534638166428,0.0016597033245489001,16.03330802834841,21.926400065422058,30.89280128479004,1.4089317531658103,40.89317531658103,27.44319997727871,35.22560074925423,1.2835821179169655,28.358211791696554,23.667199909687042,33.027198910713196,1.3954840047298998,39.548400472989975,29.081600159406662,36.45440116524696,1.2535211599577514,25.352115995775137
qkvz,89,12288,2560,qkvz64_pipereg_cfg2,0.026701567694544792,0.0016589827137067914,16.09514521997848,22.124800086021423,31.167998909950256,1.4087358434322026,40.87358434322026,27.852800115942955,34.81600061058998,1.2500000167186525,25.000001671865245,24.06720072031021,33.20640027523041,1.3797367072776214,37.97367072776214,29.081600159406662,36.04480028152466,1.2394366226050217,23.943662260502173
qkvz,90,12288,2560,qkvz64_pipereg_cfg2,0.026729999110102654,0.0016571619780734181,16.129985761065065,22.041599452495575,31.334400177001953,1.4216028307988438,42.16028307988437,28.672000393271446,35.22560074925423,1.2285714378519865,22.85714378519865,23.526400327682495,33.3407998085022,1.4171653692924508,41.71653692924509,28.672000393271446,36.04480102658272,1.2571428757039733,25.71428757039733
qkvz,91,12288,2560,qkvz64_pipereg_cfg2,0.026634560897946358,0.0016572506865486503,16.071534086019806,22.047999501228333,32.24639892578125,1.4625544110695734,46.25544110695734,27.987199649214745,35.22560074925423,1.258632560269122,25.863256026912197,23.72480034828186,34.326401352882385,1.446857332789664,44.68573327896641,29.081600159406662,36.45440116524696,1.2535211599577514,25.352115995775137
qkvz,92,12288,2560,qkvz64_pipereg_cfg2,0.026762763038277626,0.0016593266045674682,16.128689171022963,21.964800357818604,31.321600079536438,1.4259906563815947,42.59906563815947,28.2687995582819,34.82240065932274,1.2318316024537672,23.183160245376722,24.102400243282318,33.4304004907608,1.3870154073172996,38.701540731729956,29.081600159406662,36.45440116524696,1.2535211599577514,25.352115995775137
qkvz,93,12288,2560,qkvz64_pipereg_cfg2,0.026814432814717293,0.0016561767552047968,16.19056222740037,21.692800521850586,31.760001182556152,1.464080267117431,46.40802671174309,28.255999833345413,35.3408008813858,1.2507361654100624,25.07361654100624,23.737600445747375,33.77600014209747,1.4228902461852875,42.28902461852875,29.081600159406662,36.46080046892166,1.253741206435236,25.3741206435236
qkvz,94,12288,2560,qkvz64_pipereg_cfg2,0.026619745418429375,0.0016591537278145552,16.044170574533215,22.124800086021423,31.61279857158661,1.4288399645951946,42.88399645951946,28.672000393271446,34.81600061058998,1.2142857189259932,21.428571892599322,23.9424005150795,33.66079926490784,1.4059074504123952,40.590745041239515,29.081600159406662,36.45440116524696,1.2535211599577514,25.352115995775137
qkvz,95,12288,2560,qkvz64_pipereg_cfg2,0.026740500703454018,0.0016579597722738981,16.128558213918133,22.47679978609085,32.16319978237152,1.4309510289927854,43.09510289927854,28.672000393271446,35.22560074925423,1.2285714378519865,22.85714378519865,24.22720044851303,33.98720026016235,1.4028529764464945,40.285297644649454,29.081600159406662,37.273600697517395,1.2816901578045035,28.169015780450344
qkvz,96,12288,2560,qkvz64_pipereg_cfg2,0.0266429353505373,0.001659540575928986,16.054404295371317,22.56319969892502,30.924800038337708,1.370585752507924,37.058575250792394,28.672000393271446,35.21920070052147,1.2283482218696704,22.834822186967042,24.68159943819046,33.39200019836426,1.352910709129165,35.2910709129165,29.491199925541878,36.45440116524696,1.2361111537436753,23.61111537436753
qkvz,97,12288,2560,qkvz64_pipereg_cfg2,0.026681967079639435,0.001659013913013041,16.083027918180996,36.06719970703125,48.72959852218628,1.3510779577569065,35.107795775690654,45.05600035190582,54.892800003290176,1.2183238541937793,21.832385419377932,37.299200892448425,50.58559775352478,1.3562113005956198,35.62113005956198,46.534400433301926,56.95360079407692,1.2239031826725457,22.39031826725457
qkvz,98,12288,2560,qkvz64_pipereg_cfg2,0.026775604113936424,0.0016571767628192902,16.157361552900447,36.16960048675537,46.65279984474182,1.289834535546645,28.983453554664496,45.88160067796707,55.558399856090546,1.2109080554107694,21.09080554107694,37.36959993839264,48.44160079956055,1.2962836337402905,29.628363374029053,47.513601183891296,56.940800696611404,1.1984105451454654,19.841054514546542
qkvz,99,12288,2560,qkvz64_pipereg_cfg2,0.02676495909690857,0.0016557059716433287,16.165285114206416,35.843199491500854,48.51199984550476,1.353450599659998,35.345059965999795,45.472000539302826,54.90560010075569,1.2074595234335275,20.745952343352748,37.50399947166443,50.27199983596802,1.3404437005165344,34.04437005165344,47.10400104522705,56.94720074534416,1.2089673803010095,20.89673803010095
qkvz,100,12288,2560,qkvz64_pipereg_cfg2,0.026622122153639793,0.0016585967969149351,16.05099093592737,36.20800077915192,46.79360091686249,1.2923552781131626,29.235527811316263,45.875199884176254,56.23680055141449,1.2258649704720364,22.586497047203636,37.567999958992004,48.684799671173096,1.2959114066310644,29.59114066310644,47.513601183891296,57.48480036854744,1.2098598914038263,20.98598914038263
qkvz,101,12288,2560,qkvz64_pipereg_cfg2,0.02670135349035263,0.0016561474185436964,16.122570485803728,36.6239994764328,48.102399706840515,1.3134119810643279,31.34119810643279,45.875200629234314,55.72480037808418,1.2147042326518598,21.47042326518598,37.376001477241516,49.96480047702789,1.3368150284200886,33.68150284200886,46.82240039110184,56.729600578546524,1.2115910355874762,21.159103558747617
qkvz,102,12288,2560,qkvz64_pipereg_cfg2,0.02674192190170288,0.0016602027462795377,16.107624181221656,36.022400856018066,46.825599670410156,1.2999022429840974,29.99022429840974,45.46560049057007,56.012800335884094,1.2319819760766517,23.198197607665172,37.459200620651245,48.684799671173096,1.2996753498346993,29.967534983469935,47.39840105175972,56.94720074534416,1.2014582661376492,20.145826613764918
qkvz,103,12288,2560,qkvz64_pipereg_cfg2,0.026744648814201355,0.0016580598894506693,16.13008612316296,36.451199650764465,45.238399505615234,1.2410675077649052,24.106750776490514,46.694400906562805,56.537600606679916,1.2108004280815963,21.080042808159625,37.57439851760864,47.21280038356781,1.2565151338734613,25.651513387346125,47.513601183891296,57.77920112013817,1.2160560277575267,21.605602775752676
qkvz,104,12288,2560,qkvz64_pipereg_cfg2,0.026767320930957794,0.0016595692140981555,16.12907777727349,35.99039912223816,47.82719910144806,1.3288877108310821,32.88877108310822,45.875200629234314,56.33920058608055,1.2280970941449785,22.809709414497846,37.561601400375366,49.747198820114136,1.3244163444963504,32.44163444963504,47.10400104522705,58.38080123066902,1.2394021725376263,23.94021725376263
qkvz,105,12288,2560,qkvz64_pipereg_cfg2,0.02661510929465294,0.001658908324316144,16.04374931666254,36.27839982509613,45.475199818611145,1.2535062196197801,25.350621961978014,46.28480076789856,56.95360079407692,1.2305033153254459,23.05033153254459,37.76000142097473,47.443199157714844,1.256440608377767,25.644060837776706,47.276800870895386,59.00160148739815,1.2480032574226232,24.80032574226232
qkvz,106,12288,2560,qkvz64_pipereg_cfg2,0.026676610112190247,0.0016586901620030403,16.082937442623688,36.508798599243164,51.0528028011322,1.3983698385021779,39.83698385021779,46.028800308704376,55.980800837278366,1.2162124683204485,21.62124683204485,37.90079951286316,53.04960012435913,1.3996960699036076,39.96960699036076,47.494401037693024,57.76640102267265,1.216278124590464,21.627812459046392
qkvz,107,12288,2560,qkvz64_pipereg_cfg2,0.026722963899374008,0.0016594951739534736,16.10306816121131,36.60480082035065,48.80639910697937,1.3333332790557126,33.33332790557127,45.875200629234314,55.43680042028427,1.2084263318721435,20.842633187214354,37.78559863567352,50.969600677490234,1.348916055795121,34.891605579512095,47.10400104522705,56.94720074534416,1.2089673803010095,20.89673803010095
qkvz,108,12288,2560,qkvz64_pipereg_cfg2,0.026625333353877068,0.0016562379896640778,16.075789542345472,36.08640134334564,48.48639965057373,1.3436196973271943,34.36196973271943,45.99680081009865,57.094401121139526,1.2412689603535294,24.126896035352942,37.990400195121765,50.355201959609985,1.3254717428871925,32.54717428871925,47.26400077342987,58.188800513744354,1.2311442019621837,23.114420196218365
qkvz,109,12288,2560,qkvz64_pipereg_cfg2,0.026684720069169998,0.0016587873687967658,16.08688405224974,36.43839955329895,47.64159917831421,1.3074558642079817,30.745586420798166,46.28480076789856,56.544000655412674,1.221653754954251,22.1653754954251,37.63839900493622,49.72800016403198,1.3212039161790656,32.12039161790656,47.545600682497025,56.275200098752975,1.183604777118098,18.360477711809796
qkvz,110,12288,2560,qkvz64_pipereg_cfg2,0.026740901172161102,0.001659594476222992,16.11291285628987,36.47040128707886,50.752002000808716,1.3915942849466179,39.15942849466178,46.28480076789856,56.12800046801567,1.212665919196178,21.266591919617795,37.907201051712036,52.83200144767761,1.3937193984753857,39.37193984753857,47.52640053629875,59.270401298999786,1.2471047802943007,24.71047802943007
qkvz,111,12288,2560,qkvz64_pipereg_cfg2,0.026677580550312996,0.0016580579103901982,16.089655483767054,36.553600430488586,49.76640045642853,1.361463710013075,36.14637100130751,46.694400906562805,56.300800293684006,1.2057291495471578,20.57291495471578,37.9967987537384,51.88480019569397,1.3655045134713926,36.55045134713926,47.513601183891296,57.77280107140541,1.2159213284593617,21.592132845936174
qkvz,112,12288,2560,qkvz64_pipereg_cfg2,0.026651769876480103,0.0016561090014874935,16.093004658836985,36.6239994764328,45.027199387550354,1.2294451734176366,22.94451734176366,46.003200858831406,56.65920078754425,1.2316360542261522,23.16360542261522,38.15680146217346,47.513601183891296,1.2452197082345502,24.52197082345502,47.513601183891296,57.77280107140541,1.2159213284593617,21.592132845936174
qkvz,113,12288,2560,qkvz64_pipereg_cfg2,0.026595300063490868,0.0016550556756556034,16.069127132509237,19.225600361824036,50.304001569747925,2.616511350648678,161.65113506486782,33.587200194597244,56.96000084280968,1.6958841616090443,69.58841616090443,20.99830061197281,52.43840217590332,2.4972688573666764,149.72688573666764,33.177600055933,59.57760065793991,1.7957176093960998,79.57176093960999
qkvz,114,12288,2560,qkvz64_pipereg_cfg2,0.026688072830438614,0.0016592112369835377,16.08479513371534,19.625599682331085,48.35200011730194,2.4637209002501574,146.37209002501575,31.545599550008774,56.13440051674843,1.7794684937834004,77.94684937834005,21.001599729061127,50.47680139541626,2.4034741184772033,140.34741184772034,33.177600055933,57.35680088400841,1.7287808879277737,72.87808879277738
qkvz,115,12288,2560,qkvz64_pipereg_cfg2,0.02671496570110321,0.001655490486882627,16.137190707395035,19.34400051832199,51.91680192947388,2.683870995573021,168.38709955730212,33.318400382995605,57.50400051474571,1.7258931957637882,72.58931957637881,20.768000185489655,54.0287971496582,2.601540671566801,160.15406715668007,32.76799991726875,61.0495999455452,1.863085940542011,86.30859405420111
qkvz,116,12288,2560,qkvz64_pipereg_cfg2,0.026619693264365196,0.0016559900250285864,16.074790827260976,18.982400000095367,50.17600059509277,2.643290658443647,164.32906584436472,31.539199501276016,56.95360079407692,1.8058036251608949,80.5803625160895,21.04640007019043,52.41919755935669,2.4906491079014446,149.06491079014447,33.107200264930725,58.31040069460869,1.7612603973756975,76.12603973756976
qkvz,117,12288,2560,qkvz64_pipereg_cfg2,0.026736389845609665,0.001657798420637846,16.127648279048735,19.020800292491913,50.489598512649536,2.654441334552012,165.4441334552012,32.38399997353554,57.043199986219406,1.7614624516068293,76.14624516068294,20.8639994263649,52.556800842285156,2.5190185145361674,151.90185145361676,33.177600055933,57.894400507211685,1.7449845802471988,74.49845802471988
qkvz,118,12288,2560,qkvz64_pipereg_cfg2,0.026687562465667725,0.001659531844779849,16.081380149236036,19.08479928970337,49.4592010974884,2.5915494497326272,159.15494497326273,33.177600055933,56.23680055141449,1.6950231619106495,69.50231619106495,20.75839936733246,51.577597856521606,2.484661603422535,148.46616034225352,33.292800188064575,58.182401210069656,1.7475971045213545,74.75971045213545
qkvz,119,12288,2560,qkvz64_pipereg_cfg2,0.026662534102797508,0.0016576260095462203,16.08477059918748,19.13599967956543,50.61759948730469,2.6451505191734093,164.51505191734094,32.364799827337265,58.848000317811966,1.8182717221104328,81.82717221104328,20.665599405765533,52.64639854431152,2.5475379402556118,154.75379402556118,33.177600055933,60.23680120706558,1.8155864530741943,81.55864530741943
qkvz,120,12288,2560,qkvz64_pipereg_cfg2,0.026725629344582558,0.0016573300817981362,16.12571305987901,19.113600254058838,50.7968008518219,2.6576259928338213,165.76259928338212,32.9024001955986,56.697600334882736,1.7232056019568824,72.32056019568824,20.739200711250305,52.851200103759766,2.548372082396107,154.8372082396107,33.177600055933,58.72640013694763,1.7700617295386878,77.00617295386878
qkvz,121,12288,2560,qkvz64_pipereg_cfg2,0.02667803317308426,0.001657844171859324,16.09200287091157,18.876799941062927,50.57920217514038,2.6794373163384986,167.94373163384986,31.545599550008774,57.4912004172802,1.8224792439319546,82.24792439319546,20.65279930830002,52.7616024017334,2.5546949647900457,155.46949647900456,32.896000146865845,58.70080068707466,1.784435810584934,78.44358105849341
qkvz,122,12288,2560,qkvz64_pipereg_cfg2,0.026736225932836533,0.0016581806121394038,16.123832191199693,18.995200097560883,48.51840138435364,2.5542453427791867,155.42453427791867,31.948799639940262,55.43679967522621,1.7351762914410973,73.51762914410973,20.924900472164154,50.71359872817993,2.4236004752157796,142.36004752157797,33.184000104665756,57.35680088400841,1.7284474657394873,72.84474657394873
qkvz,123,12288,2560,qkvz64_pipereg_cfg2,0.02675900049507618,0.0016594859771430492,16.124872920676406,19.407999515533447,48.633599281311035,2.505853281910199,150.5853281910199,32.4864000082016,56.12800046801567,1.7277383906448684,72.77383906448685,20.75839936733246,50.37440061569214,2.426699656572098,142.66996565720981,33.31200033426285,57.20960050821304,1.7173871257851325,71.73871257851326
qkvz,124,12288,2560,qkvz64_pipereg_cfg2,0.02679591439664364,0.0016567996935918927,16.1732975327578,19.120000302791595,49.510401487350464,2.5894561037282906,158.94561037282907,33.24799984693527,57.76640102267265,1.7374398847633967,73.74398847633967,20.636799931526184,51.635199785232544,2.5020933457009042,150.20933457009042,33.177600055933,59.193600714206696,1.784143537037465,78.4143537037465
qkvz,125,12288,2560,qkvz64_pipereg_cfg2,0.026726827025413513,0.0016568534774705768,16.13107458736534,18.806399405002594,49.510401487350464,2.6326358608644913,163.26358608644912,33.177600055933,56.66560083627701,1.7079475531908992,70.79475531908992,20.528000593185425,51.62240266799927,2.5147311562888444,151.47311562888444,33.177600055933,58.31040069460869,1.757523166121273,75.75231661212729
qkvz,126,12288,2560,qkvz64_pipereg_cfg2,0.026644453406333923,0.0016579607035964727,16.070618168775884,19.465599954128265,49.97119903564453,2.5671543211308334,156.71543211308335,33.587200194597244,56.537600606679916,1.6833079351393636,68.33079351393636,20.348800718784332,51.67359709739685,2.5393927539767027,153.93927539767026,32.921599596738815,58.17600041627884,1.7671073437768712,76.71073437768712
qkvz,127,12288,2560,qkvz64_pipereg_cfg2,0.026700196787714958,0.0016589299775660038,16.094830492417596,19.299200177192688,50.067198276519775,2.594262861509045,159.4262861509045,31.8207997828722,56.68480023741722,1.781375723558283,78.1375723558283,20.665599405765533,52.17919945716858,2.524930365320592,152.4930365320592,33.177600055933,57.36960098147392,1.7291666933339496,72.91666933339496
qkvz,128,12288,2560,qkvz64_pipereg_cfg2,0.026686251163482666,0.001659792847931385,16.07806130550688,19.05589997768402,50.11199712753296,2.6297365743007735,162.97365743007734,32.896000146865845,56.10240027308464,1.705447471504519,70.5447471504519,20.62080055475235,52.19839811325073,2.5313468298504485,153.13468298504483,33.030400425195694,57.76640102267265,1.7488858832788554,74.88858832788554
gateup,1,18432,2560,mlp32,0.026311971247196198,0.0016634085914120078,15.81810469360442,11.51999980211258,16.00320041179657,1.3891667262756242,38.91667262756242,36.16640046238899,36.99840009212494,1.023004767383505,2.3004767383504987,13.523200154304504,17.075200378894806,1.2626597391194925,26.265973911949246,37.568000704050064,38.09279948472977,1.013969302886622,1.3969302886621904
gateup,2,18432,2560,mlp32,0.02717827446758747,0.0016485379310324788,16.48629003675137,12.246400117874146,18.828800320625305,1.5374967451164578,53.749674511645786,36.454400420188904,37.28000074625015,1.0226474805934271,2.264748059342714,12.745599448680878,19.85599994659424,1.5578710147406414,55.78710147406414,37.273600697517395,38.08640018105507,1.0218063044172658,2.180630441726583
gateup,3,18432,2560,mlp32,0.026588430628180504,0.0016432367265224457,16.180523596529607,12.649600207805634,17.881600558757782,1.4136099374685107,41.36099374685107,36.86400055885315,37.54880055785179,1.0185763885801098,1.8576388580109793,13.446399569511414,18.905599415302277,1.4059971457466682,40.59971457466682,37.40160018205643,38.09279948472977,1.0184804740788858,1.8480474078885756
gateup,4,18432,2560,mlp32,0.02661866322159767,0.0016478697070851922,16.153378575471034,11.587200313806534,17.48480051755905,1.5089754249544933,50.89754249544933,37.145599722862244,37.273600697517395,1.0034459256442256,0.34459256442256336,12.943999469280243,18.531200289726257,1.4316440860265807,43.164408602658064,37.28000074625015,38.50239887833595,1.032789648809456,3.2789648809455896
gateup,5,18432,2560,mlp32,0.02702777273952961,0.0016610660823062062,16.27134105465843,11.526399850845337,17.801600694656372,1.5444198470479762,54.44198470479762,36.454400420188904,37.273600697517395,1.0224719174608838,2.247191746088384,13.500800728797913,18.84160041809082,1.3955913279943983,39.55913279943984,37.68320009112358,38.495999574661255,1.0215692797207299,2.156927972072986
gateup,6,18432,2560,mlp32,0.026917601004242897,0.0016594181070104241,16.221108405727314,11.369600147008896,15.824000537395477,1.3917816222902475,39.17816222902475,36.04480102658272,37.6384012401104,1.0442116523920444,4.421165239204439,13.820800185203552,16.886399686336517,1.221810565238833,22.181056523883292,37.41440027952194,37.964800000190735,1.0147109058693116,1.4710905869311564
gateup,7,18432,2560,mlp32,0.026683581992983818,0.0016629014862701297,16.046399749653727,12.166400253772736,16.016000509262085,1.3164124289183736,31.64124289183736,36.582400649785995,37.68320009112358,1.0300909569023602,3.009095690236019,12.89599984884262,17.043200135231018,1.32158811530698,32.158811530697996,37.68320009112358,38.09279948472977,1.0108695490992197,1.0869549099219666
gateup,8,18432,2560,mlp32,0.02657163143157959,0.0016548241255804896,16.057072785459074,10.444799810647964,17.023999989032745,1.6299019892825142,62.99019892825142,36.86399981379509,37.68320009112358,1.0222222298574863,2.222222985748634,11.900799721479416,18.063999712467194,1.5178811622099642,51.788116220996415,37.273600697517395,37.68320009112358,1.0109889945146477,1.0988994514647743
gateup,9,18432,2560,mlp32,0.026613594964146614,0.0016668877797201276,15.96603879873369,13.788799941539764,16.710400581359863,1.211882154517201,21.188215451720094,37.273600697517395,37.68320009112358,1.0109889945146477,1.0988994514647743,15.081599354743958,17.75359958410263,1.177169553872162,17.716955387216203,37.273600697517395,37.90719956159592,1.0169985955802956,1.6998595580295595
gateup,10,18432,2560,mlp32,0.026596669107675552,0.0016590089071542025,16.03166142929179,13.82720023393631,16.6143998503685,1.2015736786389715,20.157367863897147,36.33280098438263,37.273600697517395,1.025893949479402,2.5893949479401934,15.203200280666351,17.692799866199493,1.1637549686626916,16.375496866269156,37.273600697517395,38.09279948472977,1.0219779890292953,2.1977989029295264
gateup,11,18432,2560,mlp32,0.026473799720406532,0.0016589155420660973,15.95849761431177,14.336000382900238,16.470399498939514,1.1488838629346825,14.888386293468248,37.02400028705597,37.67680078744888,1.0176318197745138,1.763181977451378,15.47199934720993,17.53920018672943,1.1336091602080038,13.360916020800385,37.510400265455246,38.50239887833595,1.0264459618095378,2.6445961809537843
gateup,12,18432,2560,mlp32,0.02676544152200222,0.001660625683143735,16.117684914599472,13.942399621009827,16.633599996566772,1.1930227542396339,19.302275423963387,36.86400130391121,37.45280057191849,1.0159722018006985,1.5972201800698471,15.459200739860535,17.696000635623932,1.1446905265933933,14.469052659339333,37.28640004992485,38.099199533462524,1.0217988189379874,2.1798818937987408
gateup,13,18432,2560,mlp32,0.026672283187508583,0.0016554932808503509,16.111381118870053,14.09280002117157,16.364799439907074,1.161217033898323,16.121703389832298,36.45440116524696,37.939199060201645,1.0407302780321126,4.07302780321126,15.408000349998474,17.417599260807037,1.1304256792029967,13.042567920299675,37.273600697517395,38.50239887833595,1.032966983543943,3.2966983543943007
gateup,14,18432,2560,mlp32,0.026632118970155716,0.0016583346296101809,16.059556674888974,14.166399836540222,16.37440025806427,1.155861788951405,15.58617889514049,36.45440116524696,38.09279948472977,1.044943772688954,4.494377268895411,15.676799416542053,17.452800273895264,1.1132884851150922,11.328848511509214,37.73440048098564,38.22079971432686,1.0128900744981046,1.2890074498104642
gateup,15,18432,2560,mlp32,0.026910211890935898,0.001658252440392971,16.228055050869543,14.67839926481247,16.406400501728058,1.117724092780199,11.772409278019902,37.011200934648514,37.68320009112358,1.0181566428406803,1.8156642840680304,16.19199961423874,17.446400225162506,1.0774703953068703,7.747039530687028,37.68320009112358,38.495999574661255,1.0215692797207299,2.156927972072986
gateup,16,18432,2560,mlp32,0.02683349698781967,0.0016555431066080928,16.208274421072993,14.339199662208557,16.819199919700623,1.1729524879989075,17.29524879989075,36.86400055885315,37.81759962439537,1.0258680298146101,2.5868029814610116,15.993599593639374,17.875200510025024,1.1176471191096944,11.764711910969439,38.09279948472977,38.48960027098656,1.010416687448132,1.0416687448131956
gateup,17,18432,2560,mlp32,0.026791954413056374,0.0016592043684795499,16.147470993948623,22.98559993505478,24.31039959192276,1.057636070435889,5.763607043588892,36.44160106778145,37.26720064878464,1.0226554146034246,2.2655414603424573,24.531200528144836,25.440001487731934,1.0370467380324262,3.7046738032426196,37.273600697517395,37.60640025138855,1.008928559292457,0.8928559292457061
gateup,18,18432,2560,mlp32,0.026668604463338852,0.0016549746505916119,16.114207219914515,23.151999711990356,27.129599452018738,1.1718037227673423,17.180372276734236,36.454400420188904,37.68320009112358,1.0337078557532426,3.3707855753242644,24.07039999961853,28.2368004322052,1.1730922806705621,17.309228067056214,37.542400509119034,37.68320009112358,1.003750414999977,0.375041499997697
gateup,19,18432,2560,mlp32,0.026758041232824326,0.0016561017837375402,16.157244376873972,22.864000499248505,24.745599925518036,1.0822952845164333,8.229528451643331,36.448001116514206,37.273600697517395,1.0226514364495318,2.2651436449531825,23.919999599456787,25.884801149368286,1.0821405343985089,8.214053439850888,37.28000074625015,38.09280022978783,1.0218025608172616,2.180256081726162
gateup,20,18432,2560,mlp32,0.026788651943206787,0.0016541682416573167,16.194635629304035,21.846400201320648,24.223999679088593,1.1088325516267077,10.883255162670768,35.89760065078735,36.99200004339218,1.0304867003020945,3.048670030209455,23.235200345516205,25.337600708007812,1.0904834187451848,9.048341874518485,37.273600697517395,37.273600697517395,1.0,0.0
gateup,21,18432,2560,mlp32,0.026510560885071754,0.00166268739849329,15.944404768506304,21.878400444984436,23.503999412059784,1.0743015455431986,7.430154554319857,36.86400130391121,37.139200419187546,1.00746525351406,0.7465253514060022,24.12479966878891,24.611200392246246,1.0201618554406737,2.0161855440673726,37.67680078744888,38.09279948472977,1.0110412425839368,1.1041242583936794
gateup,22,18432,2560,mlp32,0.026520490646362305,0.0016624119598418474,15.953019640742548,21.28320038318634,23.86240065097809,1.1211847946434461,12.118479464344611,36.556800454854965,37.273600697517395,1.019607849531242,1.960784953124195,23.555199801921844,24.966399371623993,1.0599103205054117,5.991032050541167,37.67680078744888,37.542399764060974,0.9964327909859937,-0.3567209014006312
gateup,23,18432,2560,mlp32,0.026750583201646805,0.0016560218064114451,16.15352110586913,21.47199958562851,24.28160011768341,1.130849505694635,13.084950569463505,36.633601039648056,37.28000000119209,1.017644974646212,1.7644974646211953,23.11999946832657,25.401601195335388,1.0986851980742698,9.868519807426978,37.54879981279373,37.81119957566261,1.0069882330241477,0.698823302414775
gateup,24,18432,2560,mlp32,0.02670266479253769,0.0016622061375528574,16.064592825923526,21.276800334453583,23.836800456047058,1.120318848762615,12.0318848762615,36.825600266456604,37.68320009112358,1.0232881424460618,2.328814244606181,22.10880070924759,24.956800043582916,1.1288174501995523,12.881745019955225,37.68320009112358,37.68320009112358,1.0,0.0
gateup,25,18432,2560,mlp32,0.026539068669080734,0.001655999687500298,16.026010674640276,21.292799711227417,24.172799289226532,1.1352569702931328,13.525697029313278,36.57600060105324,37.28000074625015,1.01924759770418,1.9247597704179942,22.601599991321564,25.257599353790283,1.1175137761702072,11.751377617020719,37.68320009112358,38.09280022978783,1.0108695688708436,1.086956887084356
gateup,26,18432,2560,mlp32,0.026851026341319084,0.001659379806369543,16.18136260201022,20.323200523853302,23.46239984035492,1.154463826345518,15.446382634551803,36.454400420188904,37.273600697517395,1.0224719174608838,2.247191746088384,23.14240038394928,24.63040053844452,1.06429757198079,6.429757198078989,37.50400021672249,38.09279948472977,1.015699639094625,1.5699639094624906
gateup,27,18432,2560,mlp32,0.02663099206984043,0.0016583164688199759,16.05905300379155,20.448000729084015,24.8416006565094,1.214866968445291,21.486696844529106,36.7296002805233,37.28000000119209,1.0149851813378066,1.4985181337806575,23.107199370861053,26.025599241256714,1.1262982944647053,12.62982944647053,37.28000074625015,37.68320009112358,1.0108154328541419,1.0815432854141882
gateup,28,18432,2560,mlp32,0.026626182720065117,0.001656735548749566,16.071474255599473,20.611199736595154,24.012799561023712,1.165036478608716,16.503647860871595,36.91520020365715,36.998400837183,1.0022538312962368,0.22538312962367968,21.033599972724915,25.196799635887146,1.1979309138027163,19.793091380271633,37.81759962439537,37.97120004892349,1.0040616122137227,0.40616122137226984
gateup,29,18432,2560,mlp32,0.02678891271352768,0.0016580445226281881,16.156932065409332,19.568000733852386,23.174400627613068,1.1843008870866227,18.430088708662275,36.45440116524696,38.09279948472977,1.044943772688954,4.494377268895411,21.830399334430695,24.355199933052063,1.115655264017057,11.565526401705695,37.67680078744888,38.09279948472977,1.0110412425839368,1.1041242583936794
gateup,30,18432,2560,mlp32,0.02674413099884987,0.0016538420459255576,16.170910072541275,20.08640021085739,24.23039972782135,1.2063087200027003,20.630872000270028,36.86400055885315,37.68320009112358,1.02222220919736,2.2222209197360066,21.542400121688843,25.411200523376465,1.1795900354572155,17.95900354572155,37.273600697517395,37.68320009112358,1.0109889945146477,1.0988994514647743
gateup,31,18432,2560,mlp32,0.026883292943239212,0.0016613244079053402,16.18184432571762,19.804799556732178,23.820799589157104,1.2027791304285016,20.27791304285016,36.454400420188904,38.252799957990646,1.049332851921102,4.933285192110204,21.456000208854675,24.97600018978119,1.1640566716378873,16.405667163788728,37.830399721860886,38.50239887833595,1.0177634696280182,1.7763469628018225
gateup,32,18432,2560,mlp32,0.026561101898550987,0.0016589619917795062,16.010675368192064,19.51040029525757,22.892799973487854,1.1733639303675616,17.33639303675616,36.454400420188904,37.68320009112358,1.0337078557532426,3.3707855753242644,21.161599457263947,24.057599902153015,1.1368516803627047,13.685168036270468,37.81759962439537,37.68320009112358,0.99644611147702,-0.35538885229799977
gateup,33,18432,2560,mlp_pipereg_cfg2,0.02666986919939518,0.0016589980805292726,16.075889123926324,29.151999950408936,32.6880007982254,1.12129530920114,12.129530920113996,37.44640052318573,41.20959937572479,1.100495609723797,10.049560972379702,30.828800797462463,33.88479948043823,1.09912804273682,9.912804273681996,38.50239887833595,40.95999896526337,1.0638297913512662,6.382979135126621
gateup,34,18432,2560,mlp_pipereg_cfg2,0.02665378898382187,0.0016586966812610626,16.069115761151526,27.807998657226562,33.14239978790283,1.1918297392210928,19.18297392210928,36.985599994659424,39.99359905719757,1.0813289243103394,8.132892431033945,29.305601119995117,34.33279991149902,1.1715439574475701,17.15439574475701,38.09279948472977,41.52959957718849,1.090221777841149,9.022177784114893
gateup,35,18432,2560,mlp_pipereg_cfg2,0.026762742549180984,0.0016588422004133463,16.13338661297157,28.85119915008545,41.08799993991852,1.424134911210331,42.4134911210331,37.44640052318573,46.694400906562805,1.2469663373292976,24.69663373292976,30.188798904418945,42.32000112533569,1.4018444807733315,40.184448077333144,37.83679977059364,47.92320132255554,1.2665764973019982,26.657649730199818
gateup,36,18432,2560,mlp_pipereg_cfg2,0.026731494814157486,0.0016632052138447762,16.072276945526873,28.85119915008545,33.1167995929718,1.1478482894487843,14.784828944878425,37.273600697517395,40.55039882659912,1.0879120360727579,8.791203607275788,28.42879891395569,34.39039885997772,1.2097028426725227,20.97028426725227,37.855999916791916,41.36959910392761,1.092814856161735,9.281485616173502
gateup,37,18432,2560,mlp_pipereg_cfg2,0.02676386758685112,0.0016542469384148717,16.178882949903915,27.379199862480164,33.827200531959534,1.2355072720118299,23.550727201182987,37.273600697517395,41.06239899992943,1.1016483042021852,10.164830420218518,28.575998544692993,35.075199604034424,1.227435658956122,22.743565895612193,37.68320009112358,41.497599333524704,1.1012228057377649,10.122280573776488
gateup,38,18432,2560,mlp_pipereg_cfg2,0.02670111507177353,0.0016574884066358209,16.109382705106444,28.12800109386444,32.03519880771637,1.1389077631507987,13.890776315079867,37.273599952459335,40.55039882659912,1.087912057818917,8.791205781891698,29.862400889396667,33.27679932117462,1.1143377066172304,11.433770661723042,38.09279948472977,41.36959910392761,1.0860214965432355,8.602149654323554
gateup,39,18432,2560,mlp_pipereg_cfg2,0.026774633675813675,0.0016584595432505012,16.144279059914044,26.412799954414368,37.74079978466034,1.4288829601479915,42.88829601479915,37.273600697517395,43.1487999856472,1.1576236043254369,15.762360432543687,28.92799973487854,38.91200125217438,1.345132798976699,34.513279897669904,38.259200006723404,45.184000581502914,1.180997003951013,18.099700395101294
gateup,40,18432,2560,mlp_pipereg_cfg2,0.02649693936109543,0.0016564360121265054,15.996355529048836,26.185598969459534,31.86880052089691,1.21703538491007,21.70353849100699,37.0048001408577,40.55039882659912,1.0958145611446408,9.581456114464082,27.827200293540955,33.14880132675171,1.191237385618199,19.123738561819902,37.81119957566261,40.95999896526337,1.0832768974520315,8.327689745203148
gateup,41,18432,2560,mlp_pipereg_cfg2,0.026766188442707062,0.0016588083235546947,16.135793426300904,27.219200134277344,31.651198863983154,1.162826192828663,16.282619282866296,37.273600697517395,40.275198966264725,1.0805287981997203,8.052879819972025,27.692800760269165,33.0592006444931,1.193783212130826,19.378321213082607,37.68320009112358,42.1887993812561,1.1195651982644073,11.956519826440726
gateup,42,18432,2560,mlp_pipereg_cfg2,0.026778509840369225,0.0016604840056970716,16.126930309772902,26.48319900035858,31.958401203155518,1.2067424786077694,20.67424786077694,36.46080121397972,40.95999896526337,1.1233982140128773,12.339821401287733,27.302399277687073,33.54560136795044,1.2286686245690368,22.866862456903682,37.82400041818619,41.363199055194855,1.0935701828965447,9.357018289654473
gateup,43,18432,2560,mlp_pipereg_cfg2,0.02664634957909584,0.0016593988984823227,16.057832509992895,25.462299585342407,32.32319951057434,1.2694532715804456,26.945327158044563,37.139199674129486,40.55039882659912,1.0918490215836778,9.18490215836778,27.724799513816833,34.00000035762787,1.2263389079038696,22.633890790386957,37.856000661849976,41.77919924259186,1.103634787408897,10.363478740889697
gateup,44,18432,2560,mlp_pipereg_cfg2,0.026442574337124825,0.0016575846821069717,15.952472668553751,26.502400636672974,31.61279857158661,1.192827736814229,19.282773681422903,37.36319914460182,40.140798687934875,1.074340517057527,7.434051705752709,27.404800057411194,33.25119912624359,1.2133348558130177,21.33348558130177,38.09279948472977,41.094399243593216,1.0787970377463778,7.879703774637781
gateup,45,18432,2560,mlp_pipereg_cfg2,0.02667435258626938,0.0016587113495916128,16.081370994921333,25.79520046710968,31.065601110458374,1.204317103488641,20.431710348864108,37.273599952459335,40.140798687934875,1.0769230430957168,7.692304309571685,28.15360128879547,32.84800052642822,1.1667424067520988,16.674240675209884,38.09279948472977,41.36959910392761,1.0860214965432355,8.602149654323554
gateup,46,18432,2560,mlp_pipereg_cfg2,0.026789525523781776,0.001657994231209159,16.15779175796314,25.71519911289215,35.24160087108612,1.3704580204248922,37.045802042489214,36.86400130391121,41.77919924259186,1.1333332727003553,13.333327270035532,28.45439910888672,36.57920062541962,1.2855376240925576,28.553762409255757,37.95839995145798,43.007999658584595,1.1330298356512434,13.302983565124338
gateup,47,18432,2560,mlp_pipereg_cfg2,0.026712162420153618,0.0016569143626838923,16.121631281465202,27.027198672294617,32.71360099315643,1.2103955496760714,21.039554967607145,37.26720064878464,40.831999480724335,1.0956551275620416,9.565512756204164,27.935999631881714,34.49279963970184,1.2347079071527922,23.47079071527922,38.50239962339401,41.36959910392761,1.0744680723429896,7.446807234298958
gateup,48,18432,2560,mlp_pipereg_cfg2,0.02656998112797737,0.0016604202101007104,16.001962013197737,24.851199984550476,32.75200128555298,1.3179243378957266,31.792433789572662,37.273600697517395,39.73119854927063,1.0659340070656742,6.5934007065674205,26.412799954414368,34.12800133228302,1.292100852283145,29.210085228314497,38.45119923353195,41.465599834918976,1.078395489906028,7.839548990602796
gateup,49,18432,2560,mlp_pipereg_cfg2,0.02673610858619213,0.0016587369609624147,16.118353431203214,24.512000381946564,35.337600111961365,1.4416448907200576,44.164489072005765,37.273600697517395,41.43359959125519,1.1116071110890788,11.160711108907883,26.688000559806824,36.959999799728394,1.3848920497772923,38.48920497772923,37.68320009112358,42.72639974951744,1.1338315123502953,13.383151235029533
gateup,50,18432,2560,mlp_pipereg_cfg2,0.026705604046583176,0.0016603743424639106,16.084086198870928,24.89600032567978,31.040000915527344,1.246786652854842,24.678665285484193,36.86400055885315,40.28799906373024,1.092881902478563,9.2881902478563,26.59200131893158,32.87360072135925,1.2362213857877493,23.62213857877493,38.067200034856796,40.966399013996124,1.0761600269125293,7.616002691252932
gateup,51,18432,2560,mlp_pipereg_cfg2,0.026646122336387634,0.0016557453200221062,16.0931285833451,24.01600033044815,32.15680122375488,1.3389740498539884,33.897404985398836,37.26719990372658,40.13439863920212,1.0769362534046683,7.693625340466825,26.7520010471344,33.955198526382446,1.269258268439685,26.925826843968494,38.09279948472977,40.95999896526337,1.0752688045855745,7.52688045855745
gateup,52,18432,2560,mlp_pipereg_cfg2,0.026677804067730904,0.0016584243858233094,16.08623479959682,23.107199370861053,30.91840147972107,1.3380419229303142,33.80419229303142,37.273599952459335,40.140798687934875,1.0769230430957168,7.692304309571685,25.030401349067688,32.30400085449219,1.2905906063585921,29.05906063585921,37.779200077056885,40.95359891653061,1.0840250411072498,8.402504110724983
gateup,53,18432,2560,mlp_pipereg_cfg2,0.02671254612505436,0.0016580349765717983,16.110966597511712,22.52810001373291,31.059199571609497,1.3786870420797188,37.86870420797188,36.86400130391121,40.383999049663544,1.0954860465833065,9.54860465833065,25.05599856376648,32.48960077762604,1.296679543421163,29.66795434211631,37.93279975652695,41.54239967465401,1.0951577511097363,9.515775110973635
gateup,54,18432,2560,mlp_pipereg_cfg2,0.026734530925750732,0.0016591122839599848,16.113756244357678,23.296000063419342,31.50080144405365,1.3521978605038698,35.21978605038698,36.86400055885315,40.26239886879921,1.0921874527568036,9.218745275680362,24.09600019454956,33.03360044956207,1.3709163422497883,37.09163422497883,38.099199533462524,41.98400005698204,1.1019654105884167,10.196541058841667
gateup,55,18432,2560,mlp_pipereg_cfg2,0.026730993762612343,0.0016561540542170405,16.140402938088766,22.809599339962006,32.707199454307556,1.4339225764919568,43.39225764919568,37.68320009112358,39.321599155664444,1.0434782359401265,4.347823594012645,24.291199445724487,34.36479866504669,1.4147015976642219,41.470159766422185,38.09279948472977,41.50399938225746,1.0895497297040386,8.954972970403862
gateup,56,18432,2560,mlp_pipereg_cfg2,0.026638537645339966,0.0016582777025178075,16.063978671903964,22.524799406528473,32.51520097255707,1.4435289915670915,44.35289915670915,37.408000230789185,40.55679887533188,1.0841744713728652,8.417447137286516,24.425600469112396,34.00639891624451,1.3922441316948417,39.22441316948417,38.50239887833595,41.50399938225746,1.0779587919549192,7.795879195491917
gateup,57,18432,2560,mlp_pipereg_cfg2,0.026693901047110558,0.0016591375460848212,16.089022341819675,22.387200593948364,32.259199023246765,1.4409661845781185,44.09661845781186,37.28000000119209,39.73119854927063,1.0657510340128797,6.575103401287974,24.515199661254883,33.77600014209747,1.3777574977485845,37.77574977485845,38.50239887833595,40.95999896526337,1.0638297913512662,6.382979135126621
gateup,58,18432,2560,mlp_pipereg_cfg2,0.026730850338935852,0.0016589653678238392,16.112964657002006,22.867199778556824,31.436800956726074,1.374755162903907,37.4755162903907,37.139200419187546,40.14719873666763,1.080992543822404,8.099254382240396,24.383999407291412,32.99520015716553,1.3531496456360295,35.31496456360295,38.201599568128586,40.95999896526337,1.0722063847670948,7.220638476709484
gateup,59,18432,2560,mlp_pipereg_cfg2,0.02671157568693161,0.0016589622246101499,16.10137668638521,23.01439940929413,31.18079900741577,1.3548387013229521,35.483870132295216,37.273600697517395,40.42239934206009,1.0844779840320717,8.447798403207173,24.031999707221985,33.46239924430847,1.3924101053585027,39.24101053585027,38.2207989692688,41.36959910392761,1.0823844665620566,8.238446656205657
gateup,60,18432,2560,mlp_pipereg_cfg2,0.026646310463547707,0.001657885150052607,16.072470679107163,21.932800114154816,31.18079900741577,1.42165153765718,42.16515376571801,37.273600697517395,40.140798687934875,1.076923021569216,7.692302156921604,24.30720031261444,32.99520015716553,1.357424949513514,35.742494951351404,38.09279948472977,41.36959910392761,1.0860214965432355,8.602149654323554
gateup,61,18432,2560,mlp_pipereg_cfg2,0.02662694826722145,0.0016574501059949398,16.0650074297336,21.836799383163452,31.632000207901,1.448563942584453,44.8563942584453,36.85760125517845,40.140798687934875,1.089077892237904,8.907789223790408,24.489599466323853,33.16799998283386,1.3543708637801062,35.43708637801062,38.09279948472977,41.59360006451607,1.0919018981839248,9.19018981839248
gateup,62,18432,2560,mlp_pipereg_cfg2,0.026678944006562233,0.0016557603375986218,16.112805338274484,23.24479967355728,32.09280073642731,1.3806443241984698,38.06443241984698,37.52959966659546,39.73119929432869,1.058663019251251,5.866301925125095,23.907199501991272,33.6544007062912,1.4077098701371553,40.77098701371553,38.47679942846298,41.599999368190765,1.0811709909898954,8.117099098989545
gateup,63,18432,2560,mlp_pipereg_cfg2,0.026741784065961838,0.0016580823576077819,16.128139801537884,22.492800652980804,32.150399684906006,1.4293640076628409,42.93640076628409,37.273599952459335,40.140798687934875,1.0769230430957168,7.692304309571685,24.33280050754547,34.0256005525589,1.3983429709214006,39.83429709214006,38.09279948472977,41.36959910392761,1.0860214965432355,8.602149654323554
gateup,64,18432,2560,mlp_pipereg_cfg2,0.026652101427316666,0.0016601255629211664,16.05426843763521,23.25119972229004,33.136001229286194,1.4251308158314073,42.51308158314073,37.28000074625015,39.98719900846481,1.0726179776830334,7.261797768303335,24.15360063314438,34.620800614356995,1.4333598182810547,43.335981828105474,38.09279948472977,41.497599333524704,1.089381717669761,8.938171766976112
gateup,65,18432,2560,mlp_pipereg_cfg2,0.026805978268384933,0.0016585980774834752,16.161828855521513,24.07359927892685,54.78399991989136,2.2756879553049334,127.56879553049333,39.475198835134506,62.6815989613533,1.5878729128924405,58.787291289244045,25.391998887062073,56.48639798164368,2.2245746872029466,122.45746872029466,39.6031990647316,62.803198397159576,1.5858112445539432,58.58112445539432
gateup,66,18432,2560,mlp_pipereg_cfg2,0.026683727279305458,0.0016582695534452796,16.09130869216431,24.723200500011444,49.91999864578247,2.0191560006868596,101.91560006868596,39.449599385261536,61.09439954161644,1.548669707516509,54.8669707516509,26.368001103401184,51.66720151901245,1.959465995029405,95.94659950294051,39.878398925065994,61.86879947781563,1.5514363952793333,55.14363952793333
gateup,67,18432,2560,mlp_pipereg_cfg2,0.026747364550828934,0.001656687236391008,16.14509001052995,24.49599951505661,53.222399950027466,2.1726976242514215,117.26976242514215,39.321598410606384,61.849599331617355,1.5729167132466924,57.29167132466924,25.98719894886017,54.867202043533325,2.1113165043876294,111.13165043876295,40.140798687934875,65.27359932661057,1.6261161078050461,62.61161078050461
gateup,68,18432,2560,mlp_pipereg_cfg2,0.026701435446739197,0.0016581348609179258,16.10329538090621,24.278399348258972,55.41759729385376,2.2825885882723074,128.25885882723074,39.73119854927063,64.45439904928207,1.6222616332440165,62.226163324401654,25.593599677085876,56.90240263938904,2.223305957634953,122.3305957634953,40.04479870200157,65.14559984207153,1.626818012667781,62.681801266778095
gateup,69,18432,2560,mlp_pipereg_cfg2,0.026751544326543808,0.0016567170387133956,16.14732250675651,24.57599937915802,52.78720259666443,2.147916826586156,114.79168265861558,39.161598682403564,62.6815989613533,1.600588358756609,60.0588358756609,25.939199328422546,54.38079833984375,2.096471739598249,109.64717395982491,40.12800008058548,63.63519951701164,1.5858054074267034,58.58054074267034
gateup,70,18432,2560,mlp_pipereg_cfg2,0.02664254978299141,0.0016570236766710877,16.078557088885727,24.33280050754547,55.09759783744812,2.2643344246529558,126.43344246529557,38.91199827194214,62.060799449682236,1.5949013724754342,59.490137247543416,25.865599513053894,56.85120224952698,2.1979464354126113,119.79464354126112,40.140798687934875,64.32639956474304,1.6025191741906628,60.25191741906628
gateup,71,18432,2560,mlp_pipereg_cfg2,0.02661105990409851,0.0016569546423852444,16.06022230384711,24.43840056657791,52.38080024719238,2.143380869156742,114.33808691567422,39.04639855027199,61.46559864282608,1.5741681928408715,57.416819284087154,26.102399826049805,54.18879985809326,2.0760083447964677,107.60083447964676,40.140798687934875,62.69439980387688,1.5618622910640028,56.186229106400276
gateup,72,18432,2560,mlp_pipereg_cfg2,0.026698099449276924,0.0016574348555877805,16.108083741130752,24.54400062561035,52.640002965927124,2.1447197532663074,114.47197532663074,39.03999850153923,60.78080013394356,1.5568853090900387,55.68853090900387,26.080000400543213,54.3615996837616,2.084417133775401,108.44171337754011,40.275198966264725,62.68799901008606,1.5564913549550612,55.649135495506115
gateup,73,18432,2560,mlp_pipereg_cfg2,0.02665277197957039,0.0016563789686188102,16.090986715313765,24.6848002076149,52.01280117034912,2.1070780696172675,110.70780696172675,39.321598410606384,61.849600076675415,1.5729167321944995,57.29167321944995,26.35520100593567,53.939199447631836,2.0466244759614525,104.66244759614524,39.52639847993851,61.875198781490326,1.5654145371452164,56.54145371452164
gateup,74,18432,2560,mlp_pipereg_cfg2,0.026666104793548584,0.001654900494031608,16.113418836793983,24.486400187015533,52.25920081138611,2.1342132944105736,113.42132944105737,39.321598410606384,62.406399101018906,1.5870768642046291,58.70768642046291,26.348799467086792,54.24000024795532,2.0585378212661416,105.85378212661416,40.006399154663086,63.2255993783474,1.580387155912729,58.03871559127289
gateup,75,18432,2560,mlp_pipereg_cfg2,0.026815395802259445,0.001656498876400292,16.187995165159123,24.643200635910034,53.90080213546753,2.187248439511683,118.7248439511683,39.61599916219711,61.86239868402481,1.5615508883354365,56.15508883354365,26.182401180267334,55.65440058708191,2.1256415790094336,112.56415790094336,39.91039916872978,63.71839940547943,1.5965362595371753,59.65362595371752
gateup,76,18432,2560,mlp_pipereg_cfg2,0.02677559293806553,0.0016581474337726831,16.147896376828587,24.835200607776642,51.69919729232788,2.081690343831542,108.1690343831542,38.9119990170002,61.452799290418625,1.5792763374498087,57.92763374498087,26.54080092906952,53.61279845237732,2.020014339267979,102.00143392679789,40.0191992521286,62.28479966521263,1.5563729617078665,55.637296170786655
gateup,77,18432,2560,mlp_pipereg_cfg2,0.026626113802194595,0.0016593036707490683,16.046558729165366,24.73919987678528,53.248000144958496,2.1523735775676904,115.23735775676904,39.46239873766899,61.86239868402481,1.5676289496556581,56.76289496556581,26.32319927215576,54.95679974555969,2.087770531893214,108.77705318932138,40.21119922399521,64.37119990587234,1.600827658665304,60.08276586653041
gateup,78,18432,2560,mlp_pipereg_cfg2,0.02676108293235302,0.0016577165806666017,16.1433403299808,25.068798661231995,53.119999170303345,2.1189686784812523,111.89686784812523,39.73759859800339,62.95679956674576,1.5843131388898024,58.43131388898024,26.502400636672974,54.86080050468445,2.0700313626973945,107.00313626973946,39.89759907126427,64.88319933414459,1.6262432037138768,62.624320371387675
gateup,79,18432,2560,mlp_pipereg_cfg2,0.026695450767874718,0.0016569951549172401,16.110759701773564,25.004801154136658,51.263999938964844,2.050166270987682,105.0166270987682,39.321599155664444,61.292799562215805,1.5587565327537376,55.87565327537376,26.822400093078613,53.35040092468262,1.9890241268323121,98.9024126832312,40.68479910492897,62.29119896888733,1.531068122229974,53.106812222997405
gateup,80,18432,2560,mlp_pipereg_cfg2,0.026630762964487076,0.0016577262431383133,16.064632549986797,24.886399507522583,51.77599787712097,2.080493719530231,108.04937195302311,39.49439898133278,62.278398871421814,1.5768919258869594,57.68919258869594,26.694399118423462,53.7663996219635,2.0141453412545993,101.41453412545994,40.140798687934875,63.6415995657444,1.5854592246783858,58.54592246783859
gateup,81,18432,2560,mlp_pipereg_cfg2,0.02671794593334198,0.0016571261221542954,16.123061230009544,24.959999322891235,52.83839702606201,2.116923015202289,111.69230152022891,39.73119854927063,63.494399189949036,1.5980992647682066,59.809926476820664,26.694399118423462,54.713600873947144,2.0496284869055508,104.96284869055508,40.71679934859276,64.3327996134758,1.5800063031157494,58.00063031157494
gateup,82,18432,2560,mlp_pipereg_cfg2,0.02673441916704178,0.0016580541850998998,16.12397194693067,24.899199604988098,54.201602935791016,2.1768411754461665,117.68411754461665,40.006399154663086,64.31999951601028,1.60774278303208,60.77427830320801,26.451200246810913,55.93600273132324,2.1146867518069303,111.46867518069303,40.140798687934875,64.32639956474304,1.6025191741906628,60.25191741906628
gateup,83,18432,2560,mlp_pipereg_cfg2,0.026617901399731636,0.0016586692072451115,16.047745556174753,24.81919974088669,55.92319965362549,2.253223320552864,125.3223320552864,39.85919877886772,64.73599970340729,1.6241169337736057,62.411693377360564,26.32319927215576,57.35039710998535,2.178701628059688,117.8701628059688,40.14719873666763,65.13919979333878,1.6225092121768685,62.25092121768685
gateup,84,18432,2560,mlp_pipereg_cfg2,0.026682883501052856,0.0016574929468333721,16.09833909219964,25.206398963928223,52.6528000831604,2.088866408823788,108.8866408823788,39.321598410606384,62.28479892015457,1.5839844115633464,58.398441156334634,26.899200677871704,54.64959740638733,2.03164391614596,103.16439161459598,39.73119854927063,63.519999384880066,1.5987435995948867,59.874359959488665
gateup,85,18432,2560,mlp_pipereg_cfg2,0.026684913784265518,0.001656735548749566,16.106924128238912,25.18720030784607,53.619199991226196,2.128827314503997,112.88273145039969,39.59679901599884,61.86879947781563,1.5624697201614182,56.24697201614182,26.99519991874695,55.51360249519348,2.0564249445191845,105.64249445191845,40.966399013996124,64.33919966220856,1.5705358833278742,57.05358833278742
gateup,86,18432,2560,mlp_pipereg_cfg2,0.026757296174764633,0.0016590198501944542,16.128376144280857,25.193598866462708,53.15200090408325,2.109742287547425,110.97422875474253,39.321598410606384,62.68799901008606,1.5942383205148891,59.423832051488915,27.001601457595825,55.15519976615906,2.0426640194944192,104.26640194944193,40.140798687934875,64.33919966220856,1.6028380541801974,60.28380541801974
gateup,87,18432,2560,mlp_pipereg_cfg2,0.026686733588576317,0.0016566597623750567,16.108759441538616,25.148800015449524,54.2527973651886,2.157271811452625,115.72718114526248,39.321598410606384,62.828799337148666,1.5978190581439229,59.78190581439229,26.822400093078613,55.76320290565491,2.078978865133114,107.89788651331138,40.140798687934875,63.11039924621582,1.572225797918289,57.2225797918289
gateup,88,18432,2560,mlp_pipereg_cfg2,0.026691613718867302,0.001660350477322936,16.075891255142402,25.276800990104675,53.094398975372314,2.100518930230041,110.05189302300411,39.321598410606384,64.3327996134758,1.6360677646339787,63.60677646339787,27.136000990867615,55.05920052528381,2.0290093792306947,102.90093792306946,40.55039882659912,64.7487998008728,1.5967487786680088,59.67487786680088
gateup,89,18432,2560,mlp_pipereg_cfg2,0.02663610316812992,0.0016577746719121933,16.067384560415544,25.312000513076782,53.77280116081238,2.124399497109368,112.43994971093679,39.32799845933914,61.88159883022308,1.5734744013022148,57.347440130221486,27.059200406074524,55.76320290565491,2.0607853177042372,106.07853177042372,40.140798687934875,63.51359933614731,1.582270443344158,58.22704433441579
gateup,90,18432,2560,mlp_pipereg_cfg2,0.026634126901626587,0.0016584268305450678,16.05987458178837,24.825599789619446,57.61920213699341,2.3209591158029643,132.09591158029644,39.72479850053787,62.69439905881882,1.5782181766880439,57.821817668804385,26.495999097824097,59.45280194282532,2.2438407294370606,124.38407294370606,39.73119854927063,65.15839993953705,1.6399807284629022,63.99807284629022
gateup,91,18432,2560,mlp_pipereg_cfg2,0.026671716943383217,0.0016567877028137445,16.09845177996329,25.273600220680237,54.27200198173523,2.1473791429733433,114.73791429733433,39.321598410606384,62.69439980387688,1.5944011011252799,59.44011011252799,27.129599452018738,56.147199869155884,2.069591921858541,106.9591921858541,40.140798687934875,64.3327996134758,1.6026786141854301,60.26786141854301
gateup,92,18432,2560,mlp_pipereg_cfg2,0.026665305718779564,0.0016586539568379521,16.07647309967785,25.654399394989014,53.222399950027466,2.074591540054655,107.4591540054655,39.73119854927063,63.64159882068634,1.6018041525166788,60.18041525166788,27.38560140132904,55.41759729385376,2.02360344334685,102.360344334685,40.140798687934875,63.92959952354431,1.5926339687595612,59.26339687595612
gateup,93,18432,2560,mlp_pipereg_cfg2,0.026670681312680244,0.0016593518666923046,16.072951040724515,25.574401021003723,54.5087993144989,2.1313812694863103,113.13812694863104,39.44319859147072,63.50079923868179,1.6099302669741733,60.99302669741733,27.263998985290527,56.595200300216675,2.075821684513373,107.5821684513373,40.140798687934875,65.15839993953705,1.6232462250214696,62.324622502146966
gateup,94,18432,2560,mlp_pipereg_cfg2,0.026677563786506653,0.0016592270694673061,16.078307952793626,25.561600923538208,54.22080159187317,2.12118175829685,112.11817582968501,39.85919877886772,63.891199231147766,1.6029223162664565,60.29223162664565,27.219200134277344,56.063997745513916,2.059722455801047,105.9722455801047,40.55039882659912,64.7487998008728,1.5967487786680088,59.67487786680088
gateup,95,18432,2560,mlp_pipereg_cfg2,0.02663963846862316,0.0016561170341446996,16.085601391317844,25.222399830818176,56.409597396850586,2.236488112757855,123.6488112757855,39.32799845933914,63.50079923868179,1.6146460975972294,61.46460975972295,27.027198672294617,58.37759971618652,2.1599574718792063,115.99574718792063,40.006399154663086,64.32639956474304,1.6079027586576797,60.790275865767974
gateup,96,18432,2560,mlp_pipereg_cfg2,0.02669067122042179,0.0016576491761952639,16.101519913691163,25.5264014005661,56.12159967422485,2.1985707579204736,119.85707579204737,39.321598410606384,64.05119895935059,1.6289062893759116,62.89062893759117,27.110400795936584,58.06400179862976,2.1417610988374847,114.17610988374847,40.55039882659912,65.15839993953705,1.6068497924808636,60.68497924808636
gateup,97,18432,2560,mlp_pipereg_cfg2,0.026740383356809616,0.0016581907402724028,16.126240912681002,26.16640031337738,60.975998640060425,2.3303166622000693,133.03166622000694,39.73119854927063,68.01280081272125,1.7118235365685892,71.18235365685892,27.60320007801056,63.571202754974365,2.303037422302962,130.30374223029622,40.140798687934875,69.24160122871399,1.7249681992382964,72.49681992382963
gateup,98,18432,2560,mlp_pipereg_cfg2,0.026653051376342773,0.001655935193412006,16.09546767432664,26.3808012008667,61.16799712181091,2.318655777588792,131.86557775887923,39.321598410606384,68.4224009513855,1.7400717091126598,74.00717091126599,27.475300431251526,63.16800117492676,2.2990831832024994,129.90831832024995,40.68479910492897,68.43520104885101,1.682082806218406,68.20828062184059
gateup,99,18432,2560,mlp_pipereg_cfg2,0.02674371562898159,0.0016592771280556917,16.117690756286954,26.0127991437912,61.67359948158264,2.370894387054192,137.0894387054192,40.140798687934875,68.41600090265274,1.7044005884022568,70.44005884022569,27.692800760269165,64.27519917488098,2.3210075330154596,132.10075330154595,40.55039882659912,69.65760141611099,1.7178031149330877,71.78031149330877
gateup,100,18432,2560,mlp_pipereg_cfg2,0.026709450408816338,0.0016560832737013698,16.128084156734666,26.211199164390564,61.270397901535034,2.3375656152647313,133.75656152647312,39.73119854927063,68.02560091018677,1.7121457039819292,71.21457039819292,27.635198831558228,63.66720199584961,2.303844542024585,130.3844542024585,40.140798687934875,68.8384011387825,1.7149235538124274,71.49235538124275
gateup,101,18432,2560,mlp_pipereg_cfg2,0.026750516146421432,0.0016569102881476283,16.144818665063415,26.374399662017822,60.496002435684204,2.2937395053888343,129.37395053888343,39.73119854927063,67.60960072278976,1.7016753380582554,70.16753380582554,27.94879972934723,62.89600133895874,2.2504008024686555,125.04008024686554,40.55039882659912,69.12640035152435,1.704703340825855,70.4703340825855
gateup,102,18432,2560,mlp_pipereg_cfg2,0.02668100968003273,0.0016572480089962482,16.099587711191592,26.19520127773285,62.646400928497314,2.3915220297142628,139.15220297142628,39.321598410606384,69.24160122871399,1.7609050503409127,76.09050503409127,27.89759933948517,64.94719982147217,2.3280569425035957,132.80569425035958,40.275198966264725,69.66400146484375,1.729699747062594,72.9699747062594
gateup,103,18432,2560,mlp_pipereg_cfg2,0.02675478346645832,0.001658348017372191,16.133394912398305,26.3808012008667,60.41920185089111,2.2902716786670654,129.02716786670655,39.263998717069626,67.20640063285828,1.7116545137732233,71.16545137732233,27.910399436950684,62.915199995040894,2.2541848652924408,125.41848652924408,40.55039882659912,68.84480118751526,1.6977589167965559,69.77589167965559
gateup,104,18432,2560,mlp_pipereg_cfg2,0.02667917311191559,0.0016562555683776736,16.10812583594706,26.48960053920746,62.21759915351868,2.348755658335804,134.87556583358037,39.449598640203476,68.41600090265274,1.7342635479421409,73.42635479421409,27.89759933948517,64.61439728736877,2.316127509793149,131.61275097931488,40.42239934206009,70.073601603508,1.7335339500887916,73.35339500887916
gateup,105,18432,2560,mlp_pipereg_cfg2,0.02660953439772129,0.0016579931834712625,16.04924233886786,26.425600051879883,61.23200058937073,2.3171470267149057,131.71470267149056,40.55039882659912,67.61600077152252,1.6674558753579918,66.74558753579917,28.10240089893341,63.520002365112305,2.260305181523587,126.03051815235871,40.55039882659912,69.65760141611099,1.7178031149330877,71.78031149330877
gateup,106,18432,2560,mlp_pipereg_cfg2,0.02678963541984558,0.0016575349727645516,16.162334949207118,26.48319900035858,61.27679944038391,2.3137990028906334,131.37990028906336,39.73119929432869,68.0512011051178,1.712790006689568,71.2790006689568,28.00000011920929,63.6352002620697,2.272685713969445,127.2685713969445,40.95999896526337,69.66400146484375,1.700781328728137,70.0781328728137
gateup,107,18432,2560,mlp_pipereg_cfg2,0.02659056894481182,0.00165768142323941,16.040819769126102,26.348799467086792,63.46240043640137,2.408549980262838,140.8549980262838,40.55039882659912,70.06720155477524,1.7279041287459425,72.79041287459424,28.031998872756958,66.10569953918457,2.358222823825444,135.8222823825444,40.140798687934875,72.10880219936371,1.796396797182749,79.6396797182749
gateup,108,18432,2560,mlp_pipereg_cfg2,0.026668282225728035,0.0016578129725530744,16.086423901399563,26.240000128746033,61.30880117416382,2.336463447917432,133.64634479174322,39.73119854927063,68.84480118751526,1.732764268415937,73.2764268415937,28.13439965248108,63.48159909248352,2.256369422366021,125.63694223660211,40.55039882659912,70.073601603508,1.7280619582351202,72.80619582351203
gateup,109,18432,2560,mlp_pipereg_cfg2,0.026737777516245842,0.001657871762290597,16.12777183640767,26.45759880542755,61.89119815826416,2.3392598328147494,133.92598328147494,40.55039882659912,68.71680170297623,1.694602363760262,69.4602363760262,27.852800488471985,64.23680186271667,2.3062959823125753,130.62959823125752,40.55039882659912,70.48320174217224,1.7381629720479748,73.81629720479748
gateup,110,18432,2560,mlp_pipereg_cfg2,0.026710422709584236,0.0016585616394877434,16.104570414298205,26.624000072479248,61.70560121536255,2.3176683085704513,131.76683085704514,39.73119854927063,69.65760141611099,1.7532217491432747,75.32217491432746,28.08319926261902,64.06400203704834,2.2812216456521264,128.12216456521264,40.54399877786636,70.073601603508,1.7283347404243294,72.83347404243294
gateup,111,18432,2560,mlp_pipereg_cfg2,0.026835357770323753,0.0016589025035500526,16.176573193961712,26.64960026741028,61.187201738357544,2.295989475428763,129.59894754287632,40.140798687934875,68.4224009513855,1.7045600283970241,70.45600283970242,28.147199749946594,63.705599308013916,2.2633014962042464,126.33014962042463,40.140798687934875,70.073601603508,1.745695250069103,74.5695250069103
gateup,112,18432,2560,mlp_pipereg_cfg2,0.026629028841853142,0.0016581644304096699,16.059341494422306,26.579201221466064,62.81279921531677,2.3632312608622525,136.32312608622524,39.73759859800339,69.66400146484375,1.7531004369333987,75.31004369333986,28.192099928855896,65.24159908294678,2.3141801869171523,131.41801869171525,40.140798687934875,71.30240201950073,1.7763075063310114,77.63075063310114
gateup,113,18432,2560,mlp_pipereg_cfg2,0.026689045131206512,0.0016585735138505697,16.091565980240947,26.7520010471344,63.8592004776001,2.3870812641299786,138.70812641299784,39.73119854927063,70.47040164470673,1.7736792298706126,77.36792298706125,28.28800082206726,66.31680130958557,2.3443438695693306,134.43438695693305,40.54399877786636,72.51840233802795,1.788634681431989,78.86346814319889
gateup,114,18432,2560,mlp_pipereg_cfg2,0.026703251525759697,0.0016582381213083863,16.10338779613283,26.758399605751038,62.66559958457947,2.341903869733341,134.1903869733341,40.140798687934875,70.073601603508,1.745695250069103,74.5695250069103,28.038400411605835,64.88320231437683,2.3140835911423805,131.40835911423804,40.82559943199158,71.16800099611282,1.7432199890822537,74.32199890822537
gateup,115,18432,2560,mlp_pipereg_cfg2,0.026673005893826485,0.001656163833104074,16.10529427142148,26.841598749160767,63.846397399902344,2.3786361608545605,137.86361608545604,40.0703988969326,69.65120136737823,1.7382208134870865,73.82208134870865,28.230300545692444,66.32320284843445,2.349362265594245,134.9362265594245,40.95999896526337,71.71200215816498,1.7507813469180316,75.07813469180316
gateup,116,18432,2560,mlp_pipereg_cfg2,0.026695838198065758,0.0016590445302426815,16.091092017982632,26.758399605751038,61.8336021900177,2.3108109267016155,131.08109267016155,40.140798687934875,68.8384011387825,1.7149235538124274,71.49235538124275,28.249600529670715,64.2304003238678,2.2736746403336303,127.36746403336304,40.55039882659912,70.48320174217224,1.7381629720479748,73.81629720479748
gateup,117,18432,2560,mlp_pipereg_cfg2,0.026693269610404968,0.0016585559351369739,16.094283614378355,26.732900738716125,61.955201625823975,2.3175637478089643,131.75637478089644,39.73119854927063,69.65120136737823,1.7530606654366048,75.30606654366048,28.08319926261902,64.46710228919983,2.2955754323550557,129.55754323550556,40.140798687934875,70.48320174217224,1.7558993354897392,75.58993354897392
gateup,118,18432,2560,mlp_pipereg_cfg2,0.026775527745485306,0.001657136483117938,16.1577082022276,26.771199703216553,64.05760049819946,2.3927803463549284,139.27803463549284,39.73119854927063,70.47040164470673,1.7736792298706126,77.36792298706125,28.31360101699829,66.57919883728027,2.3514917370386383,135.14917370386382,40.55039882659912,71.84000164270401,1.771622566522833,77.16225665228329
gateup,119,18432,2560,mlp_pipereg_cfg2,0.026674173772335052,0.0016575042391195893,16.092974692181468,27.039998769760132,61.295998096466064,2.2668639380640703,126.68639380640703,39.6031990647316,68.42880100011826,1.7278604409777878,72.78604409777878,28.339099884033203,63.814401626586914,2.251814697281235,125.18146972812349,40.755198895931244,70.89280188083649,1.7394787364886104,73.94787364886103
gateup,120,18432,2560,mlp_pipereg_cfg2,0.026786064729094505,0.0016581065719947219,16.154609831182654,26.88640058040619,62.9535973072052,2.341466166842855,134.1466166842855,39.85919877886772,69.24800127744675,1.7373154353057438,73.73154353057438,28.409600257873535,65.0816023349762,2.2908313296995177,129.08313296995178,40.55039882659912,71.30240201950073,1.7583649996736843,75.83649996736843
gateup,121,18432,2560,mlp_pipereg_cfg2,0.026605408638715744,0.0016583952819928527,16.04286319890194,27.212798595428467,61.44319772720337,2.257878678362957,125.78786783629572,39.73119854927063,69.65760141611099,1.7532217491432747,75.32217491432746,28.409600257873535,63.91040086746216,2.2496057771791356,124.96057771791355,40.55039882659912,70.89280188083649,1.7482639858608295,74.82639858608296
gateup,122,18432,2560,mlp_pipereg_cfg2,0.02668273262679577,0.0016584708355367184,16.08875601249909,26.867100596427917,63.865602016448975,2.3770931957183405,137.70931957183404,39.321598410606384,70.073601603508,1.782063914894333,78.20639148943329,28.53749990463257,66.20799899101257,2.3200350140085275,132.00350140085274,40.55039882659912,72.53120243549347,1.7886680411122484,78.86680411122484
gateup,123,18432,2560,mlp_pipereg_cfg2,0.02676279842853546,0.001659296452999115,16.12900357869308,27.078399062156677,64.07039761543274,2.3661072971250396,136.61072971250397,39.321598410606384,72.10880219936371,1.833821744639798,83.3821744639798,28.281500935554504,66.47679805755615,2.350539959284264,135.0539959284264,40.55039882659912,72.52480238676071,1.7885102116230707,78.85102116230706
gateup,124,18432,2560,mlp_pipereg_cfg2,0.02675396390259266,0.0016575335757806897,16.140827729532827,27.1232008934021,63.64799737930298,2.3466255929544726,134.66255929544727,39.73119854927063,70.47680169343948,1.7738403135772824,77.38403135772825,28.460800647735596,66.11199975013733,2.3229142626174624,132.29142626174624,40.55039882659912,72.53120243549347,1.7886680411122484,78.86680411122484
gateup,125,18432,2560,mlp_pipereg_cfg2,0.026781072840094566,0.0016590870218351483,16.142054327247706,27.09749937057495,62.403202056884766,2.3029136823100407,130.29136823100407,39.73119854927063,70.073601603508,1.7636921150669487,76.36921150669487,28.36480140686035,64.61439728736877,2.277978130731458,127.79781307314582,40.55039882659912,71.84000164270401,1.771622566522833,77.16225665228329
gateup,126,18432,2560,mlp_pipereg_cfg2,0.02671067975461483,0.0016583470860496163,16.106808990295818,26.899200677871704,60.93760132789612,2.265405654898351,126.5405654898351,39.852799475193024,68.84480118751526,1.7274771683321455,72.74771683321455,28.50559949874878,63.39840292930603,2.224068395126678,122.4068395126678,40.95999896526337,70.89280188083649,1.7307813396420737,73.07813396420737
gateup,127,18432,2560,mlp_pipereg_cfg2,0.026661314070224762,0.0016570222796872258,16.08989474496219,26.956799626350403,64.2624020576477,2.383903243277844,138.3903243277844,39.73759859800339,70.48320174217224,1.7737156805875447,77.37156805875446,28.37750017642975,66.72639846801758,2.351383950424227,135.1383950424227,40.55679887533188,72.53120243549347,1.7883857810979649,78.83857810979649
gateup,128,18432,2560,mlp_pipereg_cfg2,0.026697726920247078,0.0016593531472608447,16.089237522656344,27.091199159622192,62.409597635269165,2.3036853137267888,130.3685313726789,39.73119854927063,70.89280188083649,1.7843106795009562,78.43106795009562,28.6655992269516,64.93440270423889,2.2652379317152773,126.52379317152773,40.831999480724335,71.71200215816498,1.7562696676663665,75.62696676663666
