context,batch,physical_m,single_first_backbone_ms,single_first_steps,single_first_instrumented_backbone_ms,single_first_qkvz_quant_us,single_first_qkvz_gemm_us,single_first_qkvz_total_us,single_first_gateup_quant_us,single_first_gateup_gemm_us,single_first_gateup_total_us,dual_first_backbone_ms,dual_first_steps,dual_first_instrumented_backbone_ms,dual_first_qkvz_quant_us,dual_first_qkvz_gemm_us,dual_first_qkvz_total_us,dual_first_gateup_quant_us,dual_first_gateup_gemm_us,dual_first_gateup_total_us,first_backbone_ratio,first_qkvz_gemm_us_ratio,first_qkvz_total_us_ratio,first_gateup_gemm_us_ratio,first_gateup_total_us_ratio,single_steady_backbone_ms,single_steady_steps,single_steady_instrumented_backbone_ms,single_steady_qkvz_quant_us,single_steady_qkvz_gemm_us,single_steady_qkvz_total_us,single_steady_gateup_quant_us,single_steady_gateup_gemm_us,single_steady_gateup_total_us,dual_steady_backbone_ms,dual_steady_steps,dual_steady_instrumented_backbone_ms,dual_steady_qkvz_quant_us,dual_steady_qkvz_gemm_us,dual_steady_qkvz_total_us,dual_steady_gateup_quant_us,dual_steady_gateup_gemm_us,dual_steady_gateup_total_us,steady_backbone_ratio,steady_qkvz_gemm_us_ratio,steady_qkvz_total_us_ratio,steady_gateup_gemm_us_ratio,steady_gateup_total_us_ratio
256,1,1,3.6767680644989014,2,4.039792060852051,3.1399999667579928,24.55533381241063,27.695333352312446,3.0875000011292286,33.83500024210662,36.92250017775223,3.6712160110473633,2,4.046559810638428,3.089999998337589,24.6706671314314,27.760666562244296,3.108499979134649,33.92650029854849,37.03500027768314,0.9984899636435743,1.004696874410336,1.0023589970592066,1.0027043019295743,1.0030469253000018,3.6428239941596985,52,4.018639922142029,3.146666659934757,24.841667191746335,27.996999910101295,3.0964999823481776,33.91075020772405,37.004500220064074,3.6403679847717285,52,4.0313920974731445,3.18333331233589,25.030667156291507,28.239333284242697,3.1134999881032854,34.003250213572755,37.13000036077574,0.9993257952094563,1.007608183584714,1.0086556907854247,1.0027277487310686,1.0033914831970523
256,2,2,3.79966402053833,2,4.161744117736816,3.1153333256952465,24.719333819424115,27.834666621250413,3.0994999870017637,33.84150011697784,36.941000318620354,3.796512007713318,2,4.173663854598999,3.1260000008235993,24.870000430382788,27.9959999024868,3.0369999694812577,34.074000257533044,37.111000274308026,0.9991704495955499,1.0060950918847287,1.0057961276645295,1.0068702669725496,1.0046019315725454,3.771000027656555,52,4.146047949790955,3.194333318485102,25.237000392129023,28.435333185674004,3.1267499980458524,33.97725016111508,37.08925034152344,3.7629599571228027,52,4.1504799127578735,3.173666661799264,25.32500036371251,28.507666448907305,3.09224998272839,33.964000234846026,37.07025040057488,0.9978679208499638,1.0034869425928659,1.0025437811036357,0.999610035355827,0.9994877237805131
256,3,4,3.7815359830856323,2,4.1928160190582275,4.137333307880908,24.20333349922051,28.340666748893756,4.114499995921506,33.91250019194558,38.027000438887626,3.762447953224182,2,4.154415845870972,3.2226666565596434,24.627333817382656,27.84999987731377,3.0700000024808105,34.08350038807839,37.15350042330101,0.9949523077535614,1.0175182612004996,0.9826868268157757,1.0050423942547717,0.9770294789095869,3.7596319913864136,52,4.179263949394226,4.110666656439814,24.52966704731807,28.62100019895782,4.118249966268195,33.926250238437206,38.05700043449178,3.741703987121582,51,4.128695964813232,3.173666642396711,24.73266711846615,27.88099988053242,3.1049999997776467,33.91000023111701,36.99725048500113,0.9952314470389906,1.008275696150155,0.9741448477243523,0.9995210196468519,0.9721536133328527
256,4,4,3.8078240156173706,2,4.22323203086853,4.059333325130865,24.207333723704018,28.266666728692748,4.141999997955281,33.90400018543005,38.04600052535534,3.790895938873291,2,4.198608160018921,3.169333339125539,24.657333812986813,27.82666648272425,3.091499980655499,34.081500372849405,37.17300028074533,0.9955543962445085,1.0185894115568024,0.984433953596592,1.0052353759570718,0.9770540863019699,3.794703960418701,50,4.222847938537598,4.102666653731528,24.529333769654237,28.636666868502893,4.1174999860231765,33.95350027130917,38.05600031046197,3.779695987701416,50,4.171856164932251,3.1846666388446465,24.666667100973427,27.86466661685457,3.100499990978278,33.88300014194101,36.982000223360956,0.9960450214631159,1.0055987387431242,0.9730415465182006,0.9979236270545064,0.9717784297262116
256,5,8,4.014703989028931,2,4.434368133544922,4.16066664426277,25.148000412931047,29.30866690197339,4.118999975617044,34.17250036727637,38.29150035744533,4.001152038574219,2,4.375312089920044,3.1766666312857224,25.42533372373631,28.60199986025691,3.0059999953664374,34.13850022479892,37.14450029656291,0.9966244210054476,1.011028046216456,0.9758888029919608,0.9990050437599816,0.9700455701611232,4.000831961631775,50,4.418992042541504,4.128666633429627,25.387333667216204,29.520666731211044,4.119499972148333,34.23000022303313,38.3410002104938,3.9777599573135376,50,4.3606719970703125,3.177333307879356,25.514667000000678,28.71333326523503,3.1024999952933285,34.036500204820186,37.14000014588237,0.9942331983598663,1.0050156245021078,0.972651923029826,0.9943470634837233,0.9686758285381735
256,6,8,4.090447902679443,2,4.500432014465332,4.11199998537389,25.250667007640004,29.362666769884527,4.122499965887982,34.32400029851124,38.446499907877296,4.052735805511475,2,4.438799858093262,3.146666674486672,25.536000301751,28.682666559082765,3.0234999940148555,34.1355002601631,37.1590003487654,0.9907804479936622,1.0113000299764225,0.9768413333798688,0.9945082147561829,0.9665119175426397,4.065631866455078,50,4.479248046875,4.120666621020064,25.384666941439114,29.509333544410765,4.125499974179547,34.32700037956238,38.45350001938641,4.035439968109131,50,4.427344083786011,3.185999977479999,25.592666856634118,28.774666638734438,3.1009999693196733,34.1640004189685,37.26600034860894,0.9925738730564722,1.0081939194110698,0.9751039140016269,0.9952515524574956,0.9691185543532113
256,7,8,4.134864091873169,2,4.5531840324401855,4.125999965860197,25.25333369461199,29.37933333062877,4.129499997361563,34.519000502768904,38.64849981619045,4.107424020767212,2,4.499727964401245,3.1653332941156505,25.662000135829054,28.827333395990234,3.0754999970667996,34.30450038285926,37.38000034354627,0.9933637308273593,1.0161826729951404,0.981211284530304,0.9937860274983211,0.9671785585811332,4.1132001876831055,50,4.52622389793396,4.120666659825171,25.308000428291656,29.449333475592233,4.131999972742051,34.4225003500469,38.53949997574091,4.088655948638916,50,4.475504159927368,3.1833333244624855,25.57600021827966,28.74266670551151,3.110499994363636,34.26250029588118,37.36250050133094,0.9940328119410072,1.0105895284278725,0.976003980848449,0.9953518758794783,0.9694599183914986
256,8,8,4.199647903442383,2,4.615679979324341,4.126666657005747,25.28866698654989,29.415333449530106,4.138999996939674,34.73450045567006,38.87349966680631,4.168800115585327,2,4.56443190574646,3.1719999969936907,25.678000141245626,28.85000000242144,3.1054999781190418,34.624000429175794,37.729500501882285,0.9926546728282221,1.0153955586074508,0.9807809947802003,0.9968187241778447,0.9705712329805779,4.172912120819092,50,4.590672016143799,4.117999963151911,25.328000425361097,29.448666881459452,4.119499993976206,34.60700047435239,38.708499690983444,4.142591953277588,50,4.5310399532318115,3.1826666527194902,25.510667047152918,28.68466649670154,3.098999986832496,34.42650043871254,37.57300035795197,0.9927340507866836,1.0072120427481088,0.9740565375053049,0.9947842912368663,0.9706653747343256
256,9,16,4.050303936004639,2,4.466031789779663,4.112666647415608,23.69866687028358,27.811333265465993,4.128999986278359,33.538500138092786,37.667500670067966,4.067312002182007,2,4.4586241245269775,3.201333311153576,24.653333821333945,27.85466646309942,3.1329999801528174,33.9890003670007,37.12200000882149,1.0041992073795196,1.0402835719104286,1.001558112918205,1.0134323308154212,0.9855180022156353,4.046623945236206,50,4.4496800899505615,4.126666686109577,23.899333629136283,28.035999935430784,4.122499980439898,33.3690001280047,37.49400086235255,4.063104152679443,50,4.448447942733765,3.2039999884242816,24.922667148833476,28.159999831890065,3.1594999745720997,34.00750021683052,37.1800004504621,1.004072581901918,1.042818495928674,1.0044228811793716,1.0191345286456446,0.9916253159260544
256,10,16,4.066159963607788,2,4.472496032714844,4.137333307880908,23.700666885512568,27.837999902355172,4.124999984924216,33.47000014036894,37.59500081650913,4.10097599029541,2,4.468415975570679,3.266666647202025,24.6326671137164,27.899333198244374,3.211499992175959,33.940500230528414,37.15200035367161,1.0085623849035026,1.0393237976258607,1.002203222074299,1.0140573674390876,0.9882165060987848,4.079224109649658,49,4.4934399127960205,4.1226666362490505,23.953333632865302,28.08933336442957,4.128499986109091,33.383000059984624,37.50025061890483,4.106655836105347,50,4.491528153419495,3.214000020913469,24.907667112226285,28.183999878820032,3.1992499989428325,34.028750349534675,37.189500289969146,1.0067247412052691,1.0398413637946238,1.0033701944137392,1.0193436865587193,0.9917133799426123
256,11,16,4.098351955413818,2,4.52726411819458,4.1246666611793135,23.719333539096016,27.843999909237027,4.111500005819835,33.504500170238316,37.61600062716752,4.1142401695251465,2,4.505311965942383,3.1580000068061054,24.646000432160996,27.803999876293044,3.1479999925068114,34.12050032056868,37.268500484060496,1.003876732472998,1.0390679987503686,0.9985634236074425,1.0183855943888263,0.9907619061752129,4.160767912864685,48,4.571775913238525,4.118666649446823,23.99333364640673,28.116000020721305,4.118999973798054,33.42500011785887,37.547500687651336,4.1800960302352905,48,4.5709919929504395,3.232333316797546,24.89433365796382,28.145333228167146,3.1949999884091085,34.00150022935122,37.16550039825961,1.0046453245591624,1.0375520977966322,1.0010432923397432,1.0172475724595234,0.9898262126001542
256,12,16,4.1667680740356445,2,4.575232028961182,4.116666663321666,23.726666773048542,27.84333327629914,4.099499979929533,33.56500010704622,37.66450076363981,4.169856071472168,2,4.565343856811523,3.253999990799154,24.66266714812567,27.91666654714694,3.1194999828585424,34.080000303220004,37.19950024969876,1.0007411013480125,1.0394492991379785,1.0026337820303368,1.0153433694184817,0.9876541437026043,4.192287921905518,48,4.59716796875,4.12599999011339,23.961333596768476,28.085000017502654,4.118749984627357,33.490250061731786,37.61425064294599,4.217311978340149,48,4.601408004760742,3.2303333427989855,24.939000490121543,28.16166658885777,3.1504999842582038,34.02525026467629,37.16025038738735,1.005969069133796,1.0408018564327706,1.002729804924598,1.0159748046657864,0.987930099688327
256,13,16,4.199343919754028,2,4.619024038314819,4.143333305061485,23.736666810388364,27.87999991172304,4.1424999726586975,33.73500012094155,37.877500406466424,4.222352027893066,2,4.6171839237213135,3.2186666455042237,24.740667121174432,27.959333111842472,3.180999970936682,34.1190003673546,37.30000037467107,1.0054789768541714,1.0422974429731924,1.0028455236861775,1.0113828440799286,0.9847534809425608,4.226175904273987,48,4.642664074897766,4.118999975617044,23.949333621809878,28.074999999565385,4.123999973671744,33.49425012129359,37.62000077404082,4.246335983276367,48,4.642975926399231,3.2246666475354386,24.942333713018645,28.15433325789248,3.1819999821891543,34.034250187687576,37.22900038701482,1.0047702886626162,1.0414625353210025,1.0028257616501628,1.0161221721471139,0.9896065821642459
256,14,16,4.238719940185547,2,4.661999940872192,4.103333330325162,23.728000155339636,27.831333223730326,4.114499985007569,33.85800030082464,37.972500489559025,4.247007846832275,2,4.644079923629761,3.2126666580249243,24.676667099508144,27.889333277319867,3.081999995629303,34.20900029595941,37.29100036434829,1.001955285266232,1.0399809060164316,1.002083984016263,1.0103668259204965,0.9820527983033901,4.2674559354782104,48,4.676432013511658,4.119333321189819,23.951000378777582,28.096000043054424,4.118249984458089,33.60850011813454,37.73175075184554,4.284832000732422,48,4.682047963142395,3.212333327004065,24.86600047753503,28.105333234028272,3.181749985742499,34.07575038727373,37.26525034289807,1.0040717620795454,1.0382030013062924,1.000332189313765,1.0139027408987842,0.9876363964127838
256,15,16,4.2686238288879395,2,4.677520036697388,4.117999992255742,23.628666919345658,27.74666657205671,4.1444999842497054,33.8280001305975,37.97250066418201,4.283983945846558,2,4.677919864654541,3.2313333213096485,24.626000435091555,27.857333266486727,3.177499969751807,34.268000279553235,37.44550043484196,1.0035983768011294,1.0422086239206894,1.003988468097334,1.0130069808223086,0.9861215295247293,4.300368070602417,48,4.710415959358215,4.119333311488541,23.96733364245544,28.076666581910104,4.121499972825404,33.59150001779199,37.712000630563125,4.31771183013916,48,4.706527948379517,3.2300000020768493,24.902667054751266,28.15599989844486,3.200499984814087,34.10900029120967,37.33500043745153,1.004033087226953,1.0390253428374272,1.0028255959910095,1.0154056911166094,0.9900031770574891
256,16,16,4.3113439083099365,2,4.728543996810913,4.142666643019766,23.66200004083415,27.80466650923093,4.119499986700248,33.76000025309622,37.87950077094138,4.32753586769104,2,4.733471870422363,3.2480000275730467,24.73533374723047,27.983333100564778,3.1894999883661512,34.34850025223568,37.53800061531365,1.0037556640633316,1.0453610727979055,1.0064257771721352,1.0174318718817392,0.9909845655650852,4.342072010040283,48,4.7570719718933105,4.120333311827077,23.975000192876905,28.091666676724948,4.120249981497182,33.66050019394606,37.795000651385635,4.360903978347778,48,4.754800081253052,3.2003333399188705,24.896333789608132,28.131333218577005,3.1522499721177155,34.14225034066476,37.31375030474737,1.0043370925825157,1.0384289296900593,1.0014120394602617,1.0143120317268886,0.9872668252852479
256,17,24,4.264624118804932,2,4.671663999557495,4.130000006019449,23.536666645668447,27.66666654497385,4.116000007343246,33.952500263694674,38.068500347435474,4.320512056350708,2,4.7368481159210205,3.893333312589675,25.765333557501435,29.65866661785791,4.093499996088212,34.45300034945831,38.54649985441938,1.013105009020452,1.0946891480167664,1.0720000029510581,1.0147411849459234,1.0125562998968018,4.301463961601257,48,4.721495985984802,4.117666632131052,23.773333504019927,27.892333222553134,4.12774998221721,33.87375030433759,37.9922506690491,4.364559888839722,48,4.78659188747406,3.924666646829185,26.092333389290918,30.034666609329484,4.065499984790222,34.34675035532564,38.41650002868846,1.0146684774769046,1.0975462648045913,1.0768072491348306,1.0139636162733205,1.011166734062033
256,18,24,4.273120164871216,2,4.668303966522217,4.142666681824873,23.73800011506925,27.88066650585582,4.107499982637819,33.768500201404095,37.87600062787533,4.348176002502441,2,4.731664180755615,3.9473333163186908,25.874666908445455,29.82200003073861,4.094000007171417,34.336000331677496,38.429999782238156,1.0175646447409203,1.0900103961167231,1.069630097418046,1.0168056066123365,1.0146266539544597,4.335080027580261,47,4.745280027389526,4.125333313519755,23.79200009939571,27.911999883751072,4.119499964872375,33.90300029423088,38.018500548787415,4.400848031044006,48,4.814272165298462,3.936666655742253,26.088666752912104,30.048666483101748,4.075500004546484,34.29500031052157,38.39399991557002,1.0151711163451014,1.0965310458944864,1.076550107776209,1.0115623989879563,1.00987675372154
256,19,24,4.300271987915039,2,4.720351934432983,4.123333337095877,23.73400016222149,27.857333227681615,4.103999988728901,33.956500177737325,38.06050046114251,4.376319885253906,2,4.797647953033447,3.992666650447063,25.854000239633024,29.84666669120391,4.041499985760311,34.50300038093701,38.54449954815209,1.0176844389267894,1.0893233362653312,1.071411482472612,1.0160941263186476,1.0127165718039812,4.370991945266724,46,4.787376165390015,4.113333319158604,23.79200013820082,27.907999930903316,4.124499966565054,33.874000306241214,38.009500422049314,4.422080039978027,46,4.866944074630737,3.9159999917804575,26.10866674998154,30.01733329923203,4.086499993718462,34.348500368651,38.42050023376942,1.0116879864687525,1.0973716626733305,1.075581674557516,1.0140077953037736,1.0108130811285718
256,20,24,4.362208127975464,2,4.759727954864502,4.196666675852612,23.617333422104515,27.813999836022653,4.119499964872375,33.890000195242465,38.00950036384165,4.41046404838562,2,4.849247932434082,3.991333316662349,25.893333523223795,29.884666708918907,4.121999951166799,34.56150047713891,38.68349961703643,1.0110622691523323,1.096369901734506,1.0744469290682341,1.0198141126594242,1.0177323891854142,4.403183937072754,46,4.820768117904663,4.119333326040457,23.716666852124035,27.87533320952207,4.119999968679622,33.97050028434023,38.11000025598332,4.452863931655884,46,4.885648012161255,3.9033332965724794,26.05933342905094,29.966666673620544,4.079499984072754,34.40350037999451,38.46599976532161,1.0112827434177454,1.0987772266454507,1.0750245189314576,1.0127463561628465,1.0093413672775402
256,21,24,4.400239944458008,2,4.804975986480713,4.1579999863946195,23.65800020440171,27.81599985125164,4.136999988986645,33.88500021537766,38.02200045902282,4.451488018035889,2,4.87174391746521,3.852666637006526,26.002000124814607,29.85466671331475,4.020499964099145,34.272500313818455,38.29300025245175,1.0116466543244822,1.0990785315817515,1.0732911587922436,1.0114357413598287,1.007127447008502,4.436815977096558,46,4.852127909660339,4.123333307992046,23.739000180891402,27.870666526723653,4.118249962630216,33.946750190807506,38.079000514699146,4.489887952804565,46,4.917792081832886,3.911999980725038,26.091333401078977,30.011999925288062,4.06049996308866,34.360000398010015,38.44949998892844,1.0119617257019387,1.0990915035284878,1.07683107960519,1.0121734836141816,1.0097297583765696
256,22,24,4.433040142059326,2,4.843455791473389,4.14400000590831,23.574666740993656,27.718666514071327,4.130499975872226,33.97100022993982,38.10150030767545,4.4887518882751465,2,4.902384042739868,3.9413333191381144,25.634666982417304,29.575999942608178,4.0674999909242615,34.37250037677586,38.43999968376011,1.0125673904206831,1.0873819453762008,1.067006593827087,1.011818908601996,1.0088841482186062,4.46284818649292,46,4.886687994003296,4.131333300999055,23.792000177005924,27.925999873938657,4.117499971471261,33.949500240851194,38.07950031477958,4.521520137786865,46,4.949872016906738,3.8953333229680234,26.11333356859783,30.02466653318455,4.076999975950457,34.42750050453469,38.51649956777692,1.0131467504253269,1.097567811630877,1.0751509943679556,1.0140797437456333,1.0114759713070007
256,23,24,4.465407848358154,2,4.871039867401123,4.140666618089503,23.6200001090765,27.76066648463408,4.096499967999989,33.99750025710091,38.09400013415143,4.511663913726807,2,4.937551975250244,3.974000011415531,25.804666918702424,29.778666639079653,4.080999970028643,34.493500425014645,38.57449977658689,1.0103587548863335,1.0924922438415408,1.0726927847918408,1.0145893128660286,1.0126135255090918,4.495712041854858,46,4.904223918914795,4.131333339804162,23.77866681975623,27.893999901910625,4.1214999873773195,33.933000231627375,38.06450043339282,4.548271894454956,46,4.97708797454834,3.895333289013555,26.106000024204455,30.01799989336481,4.0714999740885105,34.458000445738435,38.52949960855767,1.0116911074621258,1.0978748397498295,1.076145407575939,1.0154716709553355,1.0122160850627353
256,24,24,4.495471954345703,2,4.908447980880737,4.122000003311163,23.466666849950947,27.588666533119977,4.121999962080736,33.947500167414546,38.069500122219324,4.54420804977417,2,4.959264039993286,3.8466666980336113,25.98466689232737,29.831333473945655,4.080999973666621,34.35800032457337,38.43899990897626,1.0108411521467406,1.107301137331384,1.0812894286910668,1.0120922057628519,1.009705926938118,4.525392055511475,46,4.946959972381592,4.123333307992047,23.74800019121418,27.865333249792457,4.119500001252163,33.95700023975223,38.070000358857214,4.5868000984191895,46,5.016527891159058,3.8659999748536693,26.02866672289868,29.932666569948196,4.068999980518129,34.43800046807155,38.499000016599894,1.0135696625075667,1.0960361509735987,1.0741901523884032,1.014164979972413,1.0112687064276025
256,25,32,4.627151966094971,2,4.971136093139648,4.5979999898312,23.986000296038885,28.583999800806243,4.064999979163986,34.299500402994454,38.36449992377311,4.708383798599243,2,5.025328159332275,4.576666663827686,26.094666915014386,30.671333234446745,4.086999997525709,34.624000429175794,38.71099988464266,1.0175554710758348,1.0879123902672398,1.0730245398889775,1.00946077996381,1.0090317861970837,4.526007890701294,45,4.927776098251343,4.022000013113333,23.80800029883782,27.825333372068904,4.038499981106725,33.8095001061447,37.840500415768474,4.582895994186401,46,5.026136040687561,4.019333333417308,25.98133347540473,30.01166666702678,4.035749998365645,34.59475043928251,38.627249450655654,1.0125691569389406,1.0912858345634766,1.078573480709939,1.0232257303619552,1.0207911900276914
256,26,32,4.489295959472656,2,4.876816034317017,4.051999994165574,23.812666923428576,27.864666810880102,4.018999999971129,33.60250010155141,37.621500610839576,4.538751840591431,2,4.953600168228149,3.802666663735484,25.7300001103431,29.532666744974755,4.02049997865106,34.55350047443062,38.57399942353368,1.011016400247442,1.0805173646899715,1.0598607528816157,1.028301476675996,1.0253179378076074,4.576320052146912,44,4.973479986190796,4.025666681021296,23.74300023075193,27.779333371048175,4.034999987197807,33.82800018880516,37.889000232098624,4.643599987030029,44,5.065191984176636,4.023333339622089,25.96733346581459,29.963000114851944,4.040250007165014,34.655000519705936,38.67074949084781,1.0147017547104369,1.0936837473547973,1.0786076006445713,1.0244472131454716,1.0206326177508085
256,27,32,4.539776086807251,2,4.905632019042969,4.091333311710817,23.316000238992274,27.407333293619253,4.038999995827908,33.68800011230633,37.72700054105371,4.593775987625122,2,5.021696090698242,3.826000004967985,25.66066683114817,29.486666472318273,4.047499969601631,34.64250033721328,38.689999433699995,1.0118948379359054,1.1005604120828072,1.0758677670834584,1.028333537809455,1.0255254560085785,4.603263854980469,45,4.99343204498291,4.144666653398113,23.593666866266478,27.710666608375806,4.036999991512857,33.658500120509416,37.692750251153484,4.678383946418762,44,5.105352163314819,3.970666650275234,25.953666850303613,29.9706666264683,4.035249983644462,34.59275051136501,38.62849943106994,1.0163188758682642,1.100026841839129,1.081557042637487,1.0277567445819227,1.0248257071633509
256,28,32,4.57910418510437,2,4.953439950942993,4.129999996318172,23.3993335471799,27.52933333006998,4.0374999880441464,33.727000234648585,37.764500302728266,4.64299201965332,2,5.069727897644043,3.862666684047629,25.726000196300447,29.5886667445302,4.049999981361907,34.510000492446125,38.55999943334609,1.013952037771225,1.0994330306215476,1.0748050593804548,1.023215828634328,1.0210647333935559,4.6396719217300415,45,5.029007911682129,4.1683333402033895,23.64566693237672,27.784333292705316,4.049999992275843,33.70325011201203,37.75725027662702,4.714287996292114,44,5.139400124549866,3.989999992578911,25.971000102193404,29.998666781466454,4.032750002807006,34.64625042397529,38.67899949545972,1.0160821876677544,1.0983407732362471,1.079697197173434,1.027979506689391,1.0244125091758416
256,29,32,4.595887899398804,2,4.984544038772583,3.9933333561445274,23.392000196812056,27.38533328132083,4.022999983135378,33.7190002319403,37.74200030602515,4.68124794960022,2,5.102463960647583,3.871333339096357,25.77400025135527,29.645333260608215,4.0364999731536955,34.499500412493944,38.535999541636556,1.0185731358270471,1.1018296868374617,1.0825259256869773,1.0231471922413142,1.021037550452371,4.684055924415588,44,5.065247893333435,4.119666674038551,23.65233366920923,27.783999976236373,4.042999975354178,33.72450021561235,37.76725023635663,4.749256014823914,44,5.167752027511597,3.9710000103999237,26.031666668131948,29.991666631152235,4.043499977342435,34.6272504539229,38.65799939376302,1.0139195798385905,1.1005961201207028,1.079458201007921,1.0267683800364409,1.0235852266668044
256,30,32,4.6421120166778564,2,5.025216102600098,4.106000022147782,23.25400011613965,27.359999832697213,4.043999979330692,33.6090000346303,37.653000676073134,4.714240074157715,2,5.125504016876221,3.8200000029367707,25.6806667894125,29.50066673414161,4.042999978992157,34.547000424936414,38.58999960357323,1.015537767555096,1.1043548061044601,1.07824074980023,1.027909202574894,1.0248851063839786,4.719239950180054,44,5.1006081104278564,4.130333337040307,23.699667013715953,27.83933326524372,4.039249986817595,33.71225018054247,37.739250576123595,4.780704021453857,44,5.20794403553009,4.016333354229573,25.980000112516187,30.004333491281916,4.042499987917836,34.602250438183546,38.64974944735877,1.0130241462444516,1.0962179383145136,1.077767675159847,1.0263999066474285,1.024126045359555
256,31,32,4.679727792739868,2,5.068111896514893,4.102666668283442,23.340666899457574,27.44333333491037,4.029999985505128,33.6555001558736,37.6855002832599,4.750144004821777,2,5.175424098968506,3.8826666908183443,25.716666985924046,29.599333414807916,4.0164999627450015,34.511500445660204,38.52799953892827,1.0150470743599986,1.1017965809075356,1.0785618880034125,1.025434187155802,1.0223560586786906,4.756720066070557,44,5.132799863815308,4.1269999953025645,23.57300027506426,27.705333350847162,4.039249981360626,33.72300020419061,37.766750319860876,4.817080020904541,45,5.250144004821777,3.974000018691489,25.95299998453508,29.95866672911992,4.041749987663934,34.623250510776415,38.655999524053186,1.0126894065649414,1.1009629526025333,1.0813321157243485,1.0266954393480665,1.0235458226260117
256,32,32,4.721920013427734,2,5.073328018188477,4.058666677641062,23.36333338947346,27.421999955549836,4.026999977213563,33.5305001353845,37.557500530965626,4.78870415687561,2,5.20140814781189,3.812666657419565,25.86266677826643,29.67533345023791,4.058999988046708,34.46900041308254,38.52799942251295,1.0141434296341238,1.10697674630278,1.0821724709481677,1.0279894506168623,1.0258403482081337,4.795672059059143,44,5.175976037979126,4.127999993215781,23.628666899943106,27.76733331847936,4.036249983982998,33.671250130282715,37.71650049020536,4.86191999912262,44,5.286808013916016,3.9623333359486423,25.92566683112333,29.874333374512695,4.044999988764175,34.64775046450086,38.69624948129058,1.0138141097321975,1.0972124217124477,1.0758805331382366,1.0290010121524984,1.0259766674625512
256,33,40,5.125679969787598,2,5.40014386177063,4.14466669705386,24.490666886170708,28.635333447406687,4.135999995924067,35.33050062833354,39.466499467380345,5.280080080032349,2,5.579696178436279,4.1760000070401775,29.20933347195387,33.38533337228,4.132999980356544,37.460000661667436,41.59299936145544,1.0301228541685854,1.1926720332980267,1.1658789807214027,1.0602737010645733,1.0538811377439916,5.006336092948914,44,5.4028400182724,4.122666641099689,24.69000043735529,28.81833352148533,4.107499986275798,34.819500491721556,38.92799944151193,5.211568117141724,42,5.617799997329712,4.125999975561475,29.1880001896061,33.330666638600334,4.111499976716004,37.39550057798624,41.49949931888841,1.040994455901965,1.1821790065846034,1.156578558359416,1.0739815347689188,1.066057848188168
256,34,40,4.953727960586548,2,5.341216087341309,4.107999984019746,24.45000045311948,28.558000184906028,4.080499998963205,34.793000551871955,38.87349943397567,5.154031991958618,2,5.563199996948242,4.121999974207332,29.01466683639834,33.136666752398014,4.122000005736481,37.29300061240792,41.41499928664416,1.0404350083342795,1.1866939181465934,1.1603286833057722,1.0718535343569688,1.0653787256016167,5.045079946517944,43,5.461616039276123,4.1179999825544655,24.67666717711836,28.80933360817532,4.109000015887432,34.82800052734092,38.93799928482622,5.225383996963501,44,5.644263982772827,4.123999999137595,29.166000177307673,33.28933339798823,4.1114999912679195,37.35675063217059,41.473249439150095,1.0357385913319372,1.1819262288528203,1.155505151585374,1.0726068125227153,1.0651099234909032
256,35,40,4.998351812362671,2,5.4015679359436035,4.1426666333184885,24.48866714257747,28.631333455753822,4.088999990926823,34.87650048919022,38.96549920318648,5.184191942214966,2,5.604048013687134,4.215999962373948,28.874666856912274,33.09066655735175,4.124999977648258,37.315000605303794,41.43999936059117,1.0371802819866835,1.1791032435043818,1.155750101841721,1.0699181420701704,1.0635049006943644,5.0830079317092896,43,5.499552011489868,4.127333309346189,24.680667207576334,28.80266692955047,4.115999974601436,34.81550054857507,38.95549906883389,5.277968168258667,42,5.6839519739151,4.120666645273255,29.190333637719355,33.32500012281041,4.1067499842029065,37.34500051359646,41.466749273240566,1.0383552886732987,1.1827206044396834,1.1570109186181017,1.0726544190135137,1.064464588169422
256,36,40,5.031503915786743,2,5.440191984176636,4.185333314429348,24.630000387939315,28.81533349864185,4.105999993043952,34.76150066126138,38.867499330081046,5.228096008300781,2,5.643919944763184,4.146666663776462,28.818000108003616,32.96466656805327,4.121000005397946,37.36750059761107,41.488499264232814,1.0390722328362332,1.170036526760067,1.1439973988018215,1.074967992945536,1.0674342311526914,5.132335901260376,42,5.536303997039795,4.1219999839086086,24.71133387492349,28.82733343479534,4.115999960049521,34.80800037505105,38.94549916731194,5.313855886459351,42,5.7219038009643555,4.123333298290769,29.18733353726566,33.30866682032744,4.109999994398095,37.35950047848746,41.47299932083115,1.0353679082373384,1.181131447011216,1.1554543154561432,1.0733021166382548,1.0648983889681563
256,37,40,5.073584079742432,2,5.48304009437561,4.143999996207034,24.548667017370462,28.692666868058343,4.104999970877543,34.885000495705754,38.98999927332625,5.257904052734375,2,5.666895866394043,4.115999986728032,28.824666786628462,32.940666540525854,4.099999991012737,37.25950053194538,41.35949938790873,1.0363293423534434,1.1741846009900387,1.1480517545476587,1.068066504299804,1.0607719968900717,5.159503936767578,42,5.565743923187256,4.116666639068475,24.674667317109805,28.790000127628446,4.110999958356842,34.78050045669079,38.88649947475642,5.344928026199341,42,5.74020791053772,4.1176666515336064,29.1753335040994,33.31733332015574,4.109499986952869,37.3335006297566,41.444749309448525,1.0359383560327178,1.1824002783562866,1.1572536704570078,1.0734032040811157,1.065787609305199
256,38,40,5.101327896118164,2,5.51796817779541,4.1193332969366265,24.659333750605583,28.778666785607733,4.096499982551904,34.81900045881048,38.915499520953745,5.291056156158447,2,5.700592041015625,4.121333331568167,28.807333515336115,32.92866672078769,4.102999992028344,37.369500554632396,41.472499375231564,1.0371919358849009,1.1682121587988428,1.1442040371812978,1.0732502387263834,1.0657064636392763,5.197088003158569,42,5.597303867340088,4.117666632131053,24.688000460931413,28.797000336150326,4.110249969016877,34.843000525143,38.956499251071364,5.382607936859131,42,5.796624183654785,4.127999981089184,29.19133349011342,33.32200002235671,4.114499974093633,37.322500720620155,41.43499938072637,1.0356969005696672,1.1824097920084091,1.1571344109937007,1.0711620743939068,1.0636222498762344
256,39,40,5.138495922088623,2,5.550159931182861,4.115999986728032,24.472000426612794,28.588000180510182,4.103499995835591,34.88250059308484,38.98599918466061,5.330703973770142,2,5.740800142288208,4.125333313519756,28.80800018707911,32.93333319015801,4.12749997121864,37.3490005149506,41.47649934748188,1.0374055082646427,1.1771820727720732,1.1519984952501243,1.070708804699475,1.0638819118377547,5.237648010253906,42,5.632511854171753,4.120333299700482,24.66666721738875,28.809333530565105,4.103499981283676,34.79700046591461,38.90249927644618,5.426239967346191,42,5.834911823272705,4.117999992255742,29.18800024781376,33.30400004051626,4.114500006835442,37.34700073255226,41.470999422017485,1.0360069933533282,1.1832972809248306,1.1560142481318618,1.0732821861796824,1.0660240394150313
256,40,40,5.175983905792236,2,5.589983940124512,4.127333328748742,24.416000504667558,28.543333445365228,4.105499989236705,34.82150053605437,38.926999433897436,5.366031885147095,2,5.785423994064331,4.141333338338882,28.926000193071864,33.06733327917755,4.1354999848408625,37.24500071257353,41.38049925677478,1.0367172662848088,1.1847149244423607,1.1584958478122993,1.0695978099510632,1.0630282286987898,5.2773120403289795,42,5.684000015258789,4.121333312165612,24.658667156472802,28.792000181662537,4.110499990929384,34.76800036150962,38.87549939099699,5.46452784538269,42,5.874848127365112,4.117333339915301,29.208666800210874,33.33266661502421,4.107999979169108,37.307500664610416,41.42699926160276,1.0354755988698443,1.1845192854449846,1.1577058351178253,1.0730413103053285,1.0656325940650593
256,41,48,5.413055896759033,2,5.678832054138184,4.098000014588857,24.840667067716517,28.938666723358132,4.155499977059662,35.282000491861254,39.437499595806,5.585920095443726,2,5.890768051147461,4.140666656894609,29.571333240407206,33.7120001980414,4.118499986361712,37.52800065558404,41.64649936137721,1.0319346783003278,1.1904403838993023,1.1649465581919993,1.0636585265124319,1.056012672918192,5.320240020751953,42,5.713216066360474,4.129333324575176,24.802667224624503,28.960000238536544,4.1157500018016435,34.811250428901985,38.91599949565716,5.500312089920044,41,5.912479996681213,4.126666661856385,29.489000153262168,33.60533337884893,4.106499982299283,37.15075066429563,41.25799910980277,1.033846606255678,1.1889447165579432,1.1604051485514468,1.0672052915815766,1.0601808933214465
256,42,48,5.24456000328064,2,5.6473119258880615,4.132666644485046,24.684000527486205,28.81666688093295,4.1239999773097225,34.769000369124115,38.89299923321232,5.438143968582153,2,5.843439817428589,4.119999988082176,29.034000239335,33.15399998488526,4.135999988648109,37.15550061315298,41.29149921936914,1.0369113834488348,1.1762275003602018,1.1505147393303208,1.0686387361929492,1.061669195830715,5.3388320207595825,40,5.745775938034058,4.127666645217687,24.80233381114279,28.944000136107206,4.10899999042158,34.816500439774245,38.92124944832176,5.542824149131775,41,5.947935938835144,4.123333317693323,29.527666842720162,33.64566678646952,4.110749989195028,37.11950080469251,41.2407492112834,1.0382091303077128,1.1905196933304094,1.1624401129164263,1.0661468078591645,1.0595946891695085
256,43,48,5.373296022415161,2,5.770336151123047,4.145333281485364,24.69466719776392,28.840000236717362,4.120499983400805,34.84700055560097,38.96749945124611,5.564656019210815,2,5.974847793579102,4.151333327172324,29.139333482210837,33.290666683266565,4.1279999786638655,37.09350078133866,41.221499152015895,1.0356131499171792,1.179984862677128,1.1543226910547275,1.064467534936134,1.0578430674924333,5.4721519947052,41,5.863088011741638,4.119333301787265,24.8590005406489,28.990666886481144,4.10749997899984,34.84150048461743,38.95524935796857,5.660360097885132,41,6.063159942626953,4.121666662589026,29.482333435832214,33.59933344957729,4.109249970497331,37.18100077821873,41.28749924711883,1.034393800348024,1.1859822516847909,1.158970698436925,1.067146944335368,1.0598699771555482
256,44,48,5.414240121841431,2,5.813743829727173,4.106666669637586,24.72866706860562,28.835333534516394,4.093999999895459,34.81050051050261,38.90449937898666,5.597247838973999,2,6.006911993026733,4.130666658359891,29.263333456280332,33.39400002732873,4.111999987799209,36.858500563539565,40.97049904521555,1.033801182255346,1.183376903214962,1.1580930731165475,1.0588328240905085,1.0531043889320624,5.4873679876327515,40,5.892024040222168,4.11333329975605,24.797333811875433,28.923000189630937,4.114999985176837,34.766500553814694,38.88424948672764,5.6806401014328,40,6.092944025993347,4.115666655707173,29.55400012433529,33.69566677914311,4.108250002900604,37.14250086341053,41.23799916123971,1.0352212780764183,1.1918216832723318,1.165012846462007,1.0683416585433456,1.0605322130575126
256,45,48,5.433632135391235,2,5.852864027023315,4.133333296825489,24.714000484285258,28.84733343186478,4.105499985598726,34.862500499002635,38.967999164015055,5.628880023956299,2,6.042608022689819,4.108666636360188,29.234000171224277,33.34266684638958,4.121999969356693,37.06000046804547,41.18199914228171,1.035933218094273,1.1828922715208785,1.155831852713265,1.063033343494845,1.056815849562817,5.520119905471802,40,5.921695947647095,4.121333307314975,24.843000418817006,28.98433356313035,4.1017499861482065,34.787750482792035,38.89199928380549,5.715183973312378,40,6.137999892234802,4.113999961797768,29.55400024075061,33.697666871982314,4.104249972442631,37.1615007170476,41.26499913400039,1.0353369258604725,1.1896308715740036,1.1626165838378144,1.0682352322674544,1.0610151160622645
256,46,48,5.478319883346558,2,5.878319978713989,4.141333309235051,24.687333847396076,28.828666894696653,4.106499982299283,34.793000551871955,38.89949928270653,5.659600019454956,2,6.081743955612183,4.114666623839488,29.04333348851651,33.1579998601228,4.10699998610653,37.23800083389506,41.34499921929091,1.03309046203371,1.176446742610883,1.1501745807823869,1.0702727630052462,1.062867131497283,5.5567920207977295,40,5.955527901649475,4.114666643242041,24.835667165461928,28.948333483034126,4.110499965463532,34.80375051731244,38.92324963817373,5.74616801738739,40,6.1565200090408325,4.108666646061465,29.57766679658865,33.68633356876671,4.113499970117118,37.140750675462186,41.25849925912917,1.0340800943927488,1.1909350612381073,1.1636709100546119,1.0671479401907347,1.0599962655395854
256,47,48,5.512143850326538,2,5.915087938308716,4.194666660623625,24.78800042687605,28.982666864370305,4.094500000064727,34.83600041363388,38.93049928592518,5.6911680698394775,2,6.11681604385376,4.099999981311461,29.042666855578624,33.142666720474764,4.110999987460673,37.25450055208057,41.36549920076504,1.0324781472280216,1.171642179902882,1.143534060394509,1.0694253103034226,1.0625473589988148,5.588247895240784,40,5.998816013336182,4.114666657793957,24.877000464281686,29.00533352900917,4.113999977562344,34.85075043863617,38.963999395491555,5.778512001037598,40,6.193639874458313,4.1139999763496835,29.50700009629751,33.63733338968207,4.111749980438617,37.10825077723712,41.21924928040244,1.034047184263041,1.186115670925181,1.1596947628973233,1.0647762332284887,1.057880349037574
256,48,48,5.5406880378723145,2,5.941567897796631,4.115333314985037,24.651333767299853,28.76666688825935,4.0884999762056395,34.824000496882945,38.91249920707196,5.727024078369141,2,6.142560005187988,4.123333307992047,29.212666753058635,33.33600020656983,4.113499984669033,37.220000580418855,41.3334991899319,1.0336304876259341,1.1850339226597717,1.1588412497026332,1.0688031256991963,1.0622165122311122,5.621424078941345,40,6.02944815158844,4.112333321245387,24.832333729136735,28.957000215693064,4.111749978619628,34.756250417558476,38.872749399160966,5.8101359605789185,40,6.229367971420288,4.1083333392937975,29.529333541480206,33.669666736386716,4.105499981960747,37.14475076412782,41.253249190049246,1.0335701201310385,1.1891485457459159,1.1627470554819297,1.068721462121895,1.0612382665924747
256,49,56,5.756415843963623,2,6.044416189193726,4.1326666638875995,24.92066682316363,29.05333344824612,4.100999984075315,35.31100059626624,39.41199951805174,5.937536001205444,2,6.237887859344482,4.13733336123793,29.069333376052477,33.20666666453083,4.105499989236705,37.402000569272786,41.507499234285206,1.031464050226974,1.1664749415546412,1.1429554795728762,1.059216672926217,1.053169079007871,5.659855961799622,40,6.067495942115784,4.117666632131053,24.99166709215691,29.136333498172462,4.111749967705691,34.91575049702078,39.0507492411416,5.8400559425354,40,6.254111886024475,4.113333309457326,29.47866681885595,33.60066675425817,4.115999978239415,36.907250818330795,41.02874919772148,1.0318382626611018,1.179539832623138,1.1532222047213225,1.0570373053123958,1.0506520360048808
256,50,56,5.599023818969727,2,5.993376016616821,4.145333339693025,24.77333376494547,28.91866680389891,4.113999977562344,34.89600046304986,39.00999930920079,5.771632194519043,2,6.187920093536377,4.131333310700333,29.200666855710246,33.332000098501645,4.099999972822843,36.88850085018203,40.98849929869175,1.0308282981337769,1.1787136577084147,1.1526119210311492,1.0570982450909225,1.050717765304454,5.667152166366577,38,6.070127964019775,4.110666661290452,24.992000389223296,29.113333517064653,4.111499962164089,34.89750053267926,39.022999175358564,5.853376150131226,38,6.273856043815613,4.115666655707173,29.35700013767928,33.48433338881781,4.1132499754894525,36.86425069463439,40.965749154565856,1.0328602406107694,1.1746558770997058,1.1501373887394624,1.0563579090747028,1.0497847428506741
256,51,56,5.627055883407593,2,6.040479898452759,4.115999996429309,24.83800038074454,28.954000173447035,4.104999992705416,34.96300050755963,39.0679991687648,5.82256007194519,2,6.228783845901489,4.104666625304768,28.916666943890355,33.021333239351705,4.127499982132576,36.91700100898743,41.04449908481911,1.034743601732138,1.164210745656795,1.1404756870048898,1.0558876661917307,1.0505912756759384,5.694383859634399,38,6.110944032669067,4.113333338561158,25.02266709537556,29.130000194224216,4.106499996851198,34.910000453237444,39.018499315716326,5.881871938705444,38,6.307904005050659,4.112666647415608,29.442666758162282,33.59333332628012,4.110499990929384,36.93300089798868,41.045499267056584,1.0329250861361992,1.1766398300364864,1.1532211844248759,1.0579490237320701,1.0519497158242526
256,52,56,5.670655965805054,2,6.088847875595093,4.1219999839086086,24.834667099639773,28.956666744003694,4.108999972231686,34.98350048903376,39.09249935531989,5.845600128173828,2,6.268959999084473,4.146000001734743,29.091333388350904,33.2373334094882,4.120999983570073,36.93850076524541,41.05949919903651,1.0308507804782578,1.1714001750711156,1.1478300905048382,1.0558834950443132,1.0503165537163062,5.730288028717041,38,6.153128027915955,4.113999971499045,24.969000388712935,29.095000141145043,4.109249985049246,34.93375054677017,39.0552491589915,5.922624111175537,38,6.333296060562134,4.107999984019747,29.4406667817384,33.589333606263,4.108999979507644,36.888500791974366,41.00799921434373,1.0335648193414735,1.1790887229529161,1.154470989631041,1.0559559226996578,1.049999682434561
256,53,56,5.706543922424316,2,6.120847940444946,4.117333315662108,24.88066713946561,28.998000198043883,4.1489999639452435,34.980000578798354,39.128999051172286,5.875231981277466,2,6.303679943084717,4.12866665283218,28.978000200974446,33.10666660157342,4.12699997832533,36.9560009567067,41.08299920335412,1.029560459210745,1.164679388962592,1.1416879224591046,1.056489432396008,1.049937391693215,5.771375894546509,38,6.190439820289612,4.117666651533606,24.964000447653234,29.07833350279058,4.115249990718439,34.92075053509325,39.03624921804294,5.945663928985596,38,6.37663209438324,4.109666692481065,29.39400018658489,33.51800011781354,4.111499983991962,36.92825074540451,41.046499187359586,1.0301986974377766,1.1774555223318826,1.1526795410953279,1.0574873156948288,1.0514970062335673
256,54,56,5.739360094070435,2,6.151952028274536,4.109333346908291,24.777333717793226,28.886666831870876,4.071999996085651,35.01000051619485,39.08199927536771,5.919232130050659,2,6.332704067230225,4.098666647526746,29.103333479724824,33.202000039940074,4.133999969781144,36.86250088503584,40.996499301400036,1.0313400854854982,1.174595047683641,1.1493884093026634,1.052913463054194,1.048986747390863,5.80185604095459,38,6.2275999784469604,4.111333318481533,24.990333806878574,29.102333510915436,4.113999968467397,34.92200042819604,39.039749215589836,5.993664026260376,38,6.402495861053467,4.121333302464336,29.468666684503354,33.61066671398778,4.110000001674052,36.9450009893626,41.05199920013547,1.033059762936522,1.179202603383878,1.1549131172378806,1.0579291144940592,1.0515436196434909
256,55,56,5.780192136764526,2,6.184335947036743,4.122000013012439,24.724667193368077,28.846666876537103,4.103499959455803,34.93250050814822,39.035999157931656,5.949360132217407,2,6.358783960342407,4.124666680581868,29.064666906682156,33.18933327682316,4.1125000061583705,36.87650087522343,40.988999186083674,1.0292668464041013,1.1755331903710398,1.1505430911263526,1.0556501921934205,1.050030742655019,5.841327905654907,38,6.259391903877258,4.118999990168959,24.976667016744614,29.09433344999949,4.106499996851198,34.91100048995577,39.019249321427196,6.021600008010864,38,6.438671827316284,4.1059999784920365,29.492666789640985,33.62066679013272,4.109999943466391,36.93350072717294,41.04449920123443,1.0308614933569193,1.1808087432109655,1.155574395540356,1.05793303568596,1.0519038657849085
256,56,56,5.806048154830933,2,6.198224067687988,4.129333314873899,24.723333888687193,28.85266680580874,4.136499970627483,34.87500036135316,39.01149914599955,5.984575986862183,2,6.3716161251068115,4.127333319047466,28.89866684563458,33.02600001916289,4.121499980101362,36.71600081725046,40.8374989638105,1.0307485965101246,1.1688822784073598,1.1446428935475024,1.0527885429913117,1.0468067071961833,5.869072198867798,38,6.271200180053711,4.113999952096492,24.89533380139619,29.02066680447509,4.105999985767994,34.86850060289726,38.98799937451258,6.054751873016357,38,6.459280014038086,4.114666662644595,29.428666845584907,33.554666830847665,4.105999993043952,36.82300075888634,40.93449917854741,1.0316369722261005,1.1820956923234536,1.1562334889449686,1.0560534614966117,1.0499256139135804
256,57,64,5.943199872970581,2,6.266063928604126,4.8386666700631995,24.93266691453755,29.77133328871181,4.075999990163837,35.310500650666654,39.386499556712806,6.151248216629028,2,6.460992097854614,4.970000043006925,29.086666686149933,34.05666657878707,4.078499991010176,36.9830007548444,41.06149927247316,1.0350061159148698,1.1666087220372845,1.1439415980640715,1.0473655165845452,1.042527255141029,5.854456067085266,37,6.2852559089660645,4.776666683028452,24.881000378324337,29.63600001142671,4.069249991516699,34.76775053422898,38.84524921886623,6.050127983093262,38,6.468512058258057,4.676666687979984,29.17866676580161,33.80466687182586,4.050499985169154,36.92750085610896,40.98099912516773,1.0334227319781415,1.1727288421739377,1.1406622640974438,1.062119357412948,1.054980980924283
256,58,64,5.802944183349609,2,6.219472169876099,4.7893333636845155,24.676667138313253,29.466000075141586,4.090000002179295,34.77700054645538,38.86699920985848,6.014383792877197,2,6.4037439823150635,4.8366666984899584,28.665333365400635,33.50200019000719,4.03899998855195,36.791000806260854,40.829999081324786,1.0364366092188637,1.16163715321566,1.136971428241816,1.057911844844559,1.0505055679978608,5.890360116958618,37,6.322280049324036,4.751000000396743,24.910333702185504,29.684999996485807,4.071249986736802,34.75725057069212,38.845749164465815,6.098871946334839,37,6.499127984046936,4.665333345959273,29.11033343601351,33.81000010995194,4.048500000862987,36.873250879580155,40.91699919081293,1.0353988254089772,1.1686047157794406,1.1389590740762832,1.0608793927639455,1.0533198630711902
256,59,64,5.837152004241943,2,6.274512052536011,4.486000005272217,24.729333585128188,29.215333168394864,4.058000005898066,34.871500451117754,38.92949933651835,6.043535947799683,2,6.45799994468689,4.720000011730008,28.511333434532087,33.23133375185232,4.024999994726386,36.98000096483156,41.004999133292586,1.0353569589086864,1.1529357771160615,1.137462084047084,1.0604648634683633,1.0533143203007311,5.93615996837616,36,6.376543998718262,4.794666672144862,24.93400041324397,29.761333464800067,4.071499977726489,34.86575066926889,38.925248984014615,6.132152080535889,37,6.5357279777526855,4.707333369879052,29.141333419829607,33.85666672450801,4.0459999909217,36.98550083208829,41.02899908320978,1.0330166493497215,1.168738787874202,1.1376058389504509,1.0607974910084979,1.054045899617986
256,60,64,5.891983985900879,2,6.319775819778442,4.714000014549432,24.57733378590395,29.291333397850394,4.067999987455551,34.89850042387843,38.966499094385654,6.088864088058472,2,6.4967041015625,4.750000046139273,28.795333462767303,33.54533342644572,4.048499973578146,36.82900092098862,40.87749921018258,1.033414907886497,1.1716215320020815,1.1452306718446459,1.0553175773647079,1.0490421300401673,5.988424062728882,36,6.411448001861572,4.741333357136076,24.923000329484545,29.725000029429793,4.070749997481471,34.85250048106536,38.92849915428087,6.168408036231995,37,6.584687948226929,4.663333388937948,29.174000121808298,33.82200004610544,4.04524998521083,36.934250936610624,40.99074914120138,1.0300553153246625,1.170565330663448,1.137830109760112,1.059730304190835,1.05297532737513
256,61,64,5.922000169754028,2,6.338655948638916,4.722666693851352,24.570000357925892,29.292666780141495,4.066500023327535,34.83550058444962,38.9019992435351,6.112799882888794,2,6.516063928604126,4.784000047948211,28.576666799684368,33.36066659539938,4.0529999969294295,36.76800086395815,40.82099912920967,1.032218795620651,1.1630714848754973,1.1388743416838962,1.055475025393239,1.0493290813580352,6.029711961746216,36,6.440567851066589,4.773000000568572,24.952667008619756,29.710999981034547,4.070999990290147,34.87075062002987,38.942749466514215,6.220407962799072,36,6.634647846221924,4.666000020127589,29.14066686450193,33.81800011266023,4.055749981489498,36.969750974094495,41.01649910444394,1.0316260548203087,1.1678377647742206,1.1382316359007543,1.060193724446498,1.053251238454873
256,62,64,5.958384037017822,2,6.380096197128296,4.808666693861596,24.554000391314425,29.362666769884527,4.096499986189883,34.8615005495958,38.957999262493104,6.145567893981934,2,6.569119930267334,4.668666690122336,28.68133348723253,33.34999976990123,4.072999989148229,37.10900089936331,41.181999316904694,1.0314152051632102,1.168092083983923,1.1357960103305829,1.0644694093580422,1.0570871219393638,6.060375928878784,36,6.4852800369262695,4.775666680264598,24.94900035283839,29.67933334487801,4.072249987075338,34.865500492742285,38.9454992255196,6.2571998834609985,36,6.668895959854126,4.727333371799129,29.239333467558026,33.921666753788784,4.050749992529745,36.930750764440745,40.98499921383336,1.0324771857211552,1.1719641289848928,1.142938972368896,1.0592347805857074,1.0523680535330602
256,63,64,5.989840030670166,2,6.40065598487854,4.696666689900061,24.50666696919749,29.203333387461804,4.082499996002298,34.85150053165853,38.933999254368246,6.175024032592773,2,6.595584154129028,4.844000024604611,28.81800014680872,33.661999817316726,4.060499984916532,36.7915008100681,40.85199907422066,1.030916351851535,1.1759249098635143,1.1526766266952666,1.055664756145788,1.04926285140454,6.096959948539734,36,6.524352073669434,4.729666674393229,24.99500041206678,29.77799998673921,4.06725001448649,34.86800054088235,38.93749925191514,6.285727858543396,36,6.698512077331543,4.7130000093602575,29.205333402690787,33.93166677172606,4.05174999468727,36.94225096842274,40.994249196955934,1.0309609890169729,1.1684470062497536,1.1394877690522052,1.0594886542206043,1.0528218294589022
256,64,64,6.031935930252075,2,6.449840068817139,4.653333351598121,24.527333793230355,29.180666781030595,4.090999973414,34.85100052785128,38.94199931528419,6.215248107910156,2,6.627120018005371,4.8360000510001555,28.586000087670982,33.422000240534544,4.050999999890337,36.84700099984184,40.897999017033726,1.0303902726716165,1.1654752338210048,1.1453473798707403,1.057272400842422,1.050228538239993,6.133488059043884,36,6.5600080490112305,4.787333346030209,24.9410003501301,29.71299995745843,4.069999982675654,34.86975061241537,38.92974913469516,6.32531201839447,36,6.739160060882568,4.61166669507899,29.229666766089696,33.8926666493838,4.05474998842692,36.959250865038484,41.016999195562676,1.0312748565749206,1.1719524620405704,1.140667946619648,1.0599230053535038,1.0536158107170361
256,65,72,6.541088104248047,2,6.812191963195801,4.146666634672632,25.652666809037328,29.799333424307406,4.119999990507495,36.626000655815005,40.74599902378395,7.392944097518921,2,7.710384130477905,4.102666629478335,34.08133354969323,38.184000412002206,4.1174999860231765,57.19600059092045,61.31349958013743,1.130231542473437,1.3285688308120276,1.2813709578099288,1.5616228790144906,1.5047735004447422,6.4786399602890015,35,6.891472101211548,4.105999988193313,25.528000279640157,29.640666830043,4.106999964278657,36.22500062920153,40.32699903473258,7.3671839237213135,34,7.756112098693848,4.101333310245536,33.66700020463516,37.79000020585954,4.102999992028344,56.85925026773475,60.9762498352211,1.1371497673707238,1.3188263802819784,1.2749375856671548,1.569613506697903,1.5120453119435906
256,66,72,6.3940958976745605,2,6.786687850952148,4.10799997431847,25.163333707799517,29.271333517196275,4.073999989486765,36.22650069883093,40.30049918219447,7.259407997131348,2,7.684496164321899,4.12066665982517,33.804000200082854,37.92466681140165,4.086499979166547,57.118000579066575,61.20449985610321,1.135329859499212,1.3433832175267426,1.2956248402253943,1.576691081866205,1.51870326914324,6.512359976768494,35,6.913128137588501,4.107666667550802,25.51066700834781,29.617333435453475,4.1042499578907155,36.222250637365505,40.317499049706385,7.403184175491333,34,7.778551936149597,4.102666653731528,33.69333346684773,37.79533381263415,4.108499990252312,56.83700044755824,60.937749803997576,1.1367897662138875,1.320754704525065,1.2761221024506948,1.5691184133358995,1.5114466730406324
256,67,72,6.424047946929932,2,6.828927993774414,4.125999956158921,25.220667012035847,29.34666684207817,4.086499990080483,36.20200074510649,40.28849891619757,7.30348801612854,2,7.710000038146973,4.2086666605124865,33.95666686507563,38.16533352558811,4.1139999812003225,56.714500475209206,60.82849996164441,1.13689811727182,1.3463825857131684,1.3004997716083198,1.566612322742285,1.509822941980818,6.561824083328247,34,6.951663970947266,4.102333313009391,25.467666952560343,29.57100017617146,4.10024999473535,36.183000687742606,40.294999023899436,7.434175968170166,34,7.83953595161438,4.105999997894591,33.73666674209137,37.848667008802295,4.100999991351273,56.87250045593828,60.95949973678216,1.1329435037824802,1.3246861915123216,1.2799251558390319,1.5718016575447948,1.5128304060914946
256,68,72,6.459136009216309,2,6.859983921051025,4.158666648436338,25.114667136222124,29.273333454815052,4.10949998331489,36.201000795699656,40.31049914192408,7.3382720947265625,2,7.73523211479187,4.095333337318152,33.84266700595617,37.93800016865134,4.119499993976206,56.550000386778265,60.66950014792383,1.1361073809648607,1.3475260023313596,1.2959918017949907,1.562111520228907,1.5050545500396892,6.5946879386901855,34,6.994048118591309,4.107333297724836,25.471000330677875,29.598666743064918,4.101999973499915,36.207750701578334,40.313248930033296,7.463167905807495,34,7.849439978599548,4.102999989603026,33.720000220152244,37.83033365228523,4.107999986445066,56.8740003509447,60.987499804468825,1.131693868639644,1.323858497207865,1.2781093817730498,1.5707686682803386,1.5128401064949457
256,69,72,6.491376161575317,2,6.899327993392944,4.2286666672832025,25.05800050372879,29.28666688967496,4.128999964450486,36.220500769559294,40.34949908964336,7.361568212509155,2,7.777648210525513,4.115333334387591,33.92200024488072,38.037333327035114,4.099499979929533,56.667000404559076,60.76650001341477,1.134053554943373,1.353739307325535,1.29879352506465,1.5645007440698773,1.5060038261791435,6.630607843399048,34,7.0278639793396,4.110666639462579,25.516000246473897,29.620666677753132,4.100999973161379,36.229500808985904,40.33624890143983,7.509088039398193,34,7.900887966156006,4.107333331679305,33.689666927481696,37.80266704658668,4.103999981452944,56.8642504804302,60.96199984312989,1.1324886370521365,1.320334950699702,1.2762260707311732,1.569556555036119,1.5113452912314265
256,70,72,6.527983903884888,2,6.933120012283325,4.12533333292231,25.145333687153954,29.270666806648176,4.102500002773013,36.17400082293898,40.27649894123897,7.409055948257446,2,7.8057920932769775,4.109333283849992,33.65133345747987,37.760666726777956,4.106999978830572,56.65550037520006,60.76250009937212,1.1349684768444697,1.3382734894733728,1.2900514694869016,1.566193926198873,1.5086341091369688,6.668031930923462,34,7.071824073791504,4.103999972964326,25.490000223120056,29.621333427106343,4.109999990760116,36.221500718966126,40.32999894116074,7.545727968215942,34,7.936016082763672,4.104666654408598,33.702666871249676,37.81200021815797,4.108499993890291,56.89150042599067,61.00649992004037,1.131627449656038,1.3221917056195445,1.2765124268023798,1.5706555304651257,1.5126829040845131
256,71,72,6.562160015106201,2,6.972368001937866,4.131999982443327,25.08466706300775,29.21666670590639,4.0835000181687064,36.16900078486651,40.252499107737094,7.444783926010132,2,7.833088159561157,4.121333312165613,33.876666954408094,37.997999927029014,4.112499984330498,56.6445003496483,60.75699988286942,1.134502040314792,1.3504929871828304,1.3005590373985887,1.5661063098361552,1.5093969624159578,6.7084801197052,34,7.1070239543914795,4.102666668283442,25.46800032723695,29.572000067370634,4.105999985767994,36.1835005460307,40.288499265443534,7.573744058609009,34,7.974015951156616,4.105333316450318,33.68666682702799,37.788666862373546,4.107499975361861,56.785500317346305,60.896000009961426,1.1289806220580754,1.3227056068081453,1.277852927643845,1.5693755291892462,1.5114983461842042
256,72,72,6.586479902267456,2,6.989216089248657,4.121999993609885,25.45066697833439,29.572666661503415,4.097499993804377,36.266000592149794,40.36349896341562,7.463504076004028,2,7.867552042007446,4.105999997894591,33.828666899353266,37.93466673232615,4.121499980101362,56.63050035946071,60.75200001941994,1.133155218986495,1.3291858688085028,1.2827611106748136,1.5615314463905638,1.5051222411239398,6.721904039382935,33,7.118839979171753,4.103333310922608,25.460000343931217,29.587000162185483,4.102999995666323,36.19000065373257,40.303999005118385,7.594448089599609,33,8.017039775848389,4.105333316450317,33.71533347914617,37.80866709227364,4.104499988898169,56.77000049035996,60.8669999637641,1.1298060854639593,1.3242471729652878,1.277881058742687,1.5686653623893982,1.5101975353868564
256,73,80,6.886288166046143,2,7.116688013076782,4.15199999891532,25.81733356540402,29.96933343820274,4.095500025869114,36.53250081697479,40.62799928942695,7.72160005569458,2,8.02244782447815,4.140666676297164,33.948666881769896,38.08933380059898,4.110999983822694,57.71250056568533,61.82349944720045,1.121300745700284,1.3149563565798328,1.2709436424116611,1.5797577301050596,1.5216968723165607,6.764392018318176,32,7.174607992172241,4.099666664842516,25.635000337691356,29.75566677438716,4.103249992112978,36.33200071635656,40.42774913250469,7.653760075569153,32,8.085455894470215,4.1033333012213316,33.498000198354326,37.59733393477897,4.103499981283676,57.42550047580153,61.54699967009947,1.1314778999860655,1.306729071858132,1.2635352526242734,1.580576333357517,1.5223949141559923
256,74,80,6.6764960289001465,2,7.080624103546143,4.092000017408282,25.384000308501225,29.476000112481415,4.105499978322769,36.24750062590465,40.352999116294086,7.565376043319702,2,7.965392112731934,4.142000000380601,33.37600012309849,37.518000540634,4.116499978408683,57.34700046014041,61.46349967457354,1.1331357063004177,1.3148439850877527,1.2728321481023217,1.5820953022939404,1.5231457641460724,6.800024032592773,32,7.206615924835205,4.098999980972924,25.742000240522124,29.846666768814128,4.100499972992111,36.25825064955279,40.36474894382991,7.693888187408447,32,8.120831966400146,4.102666648880889,33.475333359092474,37.57200079659621,4.10749997899984,57.492500520311296,61.59649963956326,1.131450146430564,1.3004169468694518,1.2588340630335997,1.5856391163488304,1.525997343010325
256,75,80,6.712768077850342,2,7.134128093719482,4.122666616846497,25.23133368231356,29.3540001148358,4.088999983650865,36.46250069141388,40.551499114371836,7.62825608253479,2,8.010783910751343,4.093999964728331,33.6360001626114,37.730000369871654,4.128499993385049,57.35350045142695,61.48199981544167,1.1363801034189192,1.3331043291694593,1.285344424005863,1.5729447888617372,1.5161461637222646,6.828744053840637,32,7.256576061248779,4.097999990335666,25.644333683885634,29.759333507778745,4.101000002265209,36.262500507291406,40.36974906921387,7.763471841812134,34,8.16424036026001,4.0966666711028665,33.44600011284153,37.54133405163884,4.101499973330647,57.48750048223883,61.59849959658459,1.136881362165827,1.3042257414493987,1.261497810151762,1.5853153996007432,1.5258578766732998
256,76,80,6.761055946350098,2,7.160320043563843,4.101999996540447,25.376667074548703,29.478666760648288,4.101999991689809,36.26400069333613,40.365998924244195,7.6540961265563965,2,8.03766393661499,4.098666657228023,33.64266688004136,37.741333711892366,4.117499978747219,57.29600047925487,61.413499526679516,1.1320859030442425,1.325732287112793,1.2802931020704806,1.579969098384216,1.5214165674912605,6.889591813087463,33,7.273543953895569,4.099333333821656,25.632666967188317,29.72533342350895,4.095249987585703,36.28675083746202,40.393749106442556,7.764648079872131,32,8.171008348464966,4.101333315096175,33.48066681064665,37.58366724165778,4.102999984752387,57.450250518741086,61.540749709820375,1.127011336886811,1.3061718023139905,1.264364867037417,1.5832293934520616,1.5235216109218492
256,77,80,6.792975902557373,2,7.1945600509643555,4.139333313408618,25.365333538502455,29.504666725794475,4.092999999556923,36.38500068336725,40.47799907857552,7.687424182891846,2,8.081568241119385,4.095999999359871,33.71200027565162,37.80800034292042,4.100499987544026,57.3690005694516,61.46949983667582,1.1316725236722445,1.329058032076717,1.2814244164929596,1.5767211623463513,1.5185903759064718,6.903808116912842,32,7.32369589805603,4.097333294339478,25.67866704581926,29.79466674150899,4.104249961528694,36.32100063259713,40.41299890377559,7.797424077987671,32,8.214175939559937,4.102333332411945,33.469666688082114,37.57000058734168,4.100999991351273,57.52300049061887,61.62749932263978,1.1294381225465497,1.303403585098912,1.2609639474503784,1.5837394204110529,1.5249424936114362
256,78,80,6.826031923294067,2,7.224224090576172,4.097333304040754,25.330000401784975,29.427333463293813,4.10149999515852,36.19500057538971,40.296499035321176,7.698288202285767,2,8.119423866271973,4.207999988769491,33.53200014680624,37.74000075645745,4.108499982976355,57.39200039533898,61.50049966527149,1.127783797203628,1.3238057487138168,1.2824811600253363,1.5856333604912793,1.52619957409611,6.9364800453186035,32,7.358567953109741,4.099000012502074,25.701333632847916,29.80100008426234,4.103749983187299,36.326250701677054,40.41499921004288,7.8188639879226685,32,8.23848819732666,4.104999970877543,33.4110000791649,37.52933380504449,4.107249964363291,57.42100058705546,61.53374971472658,1.1272091805698456,1.299971455040121,1.259331354616633,1.580702645550055,1.5225473442403488
256,79,80,6.861840009689331,2,7.235680103302002,4.111999965971336,25.685333569223683,29.797333292663097,4.112499984330498,36.179000802803785,40.29149893904105,7.756383895874023,2,8.127360343933105,4.188000001401329,33.338666815931596,37.52666742851337,4.089999994903337,57.295500475447625,61.38549972092733,1.1303650165147456,1.297965110170038,1.2593968413191339,1.5836672988217895,1.5235347737695342,6.974127888679504,32,7.3658400774002075,4.103333325474523,25.689666993760817,29.79500003857538,4.102999981114408,36.182250711135566,40.28624904458411,7.865007996559143,32,8.260383605957031,4.099999986162099,33.478666756612554,37.584000693944596,4.096999982721172,57.427500520134345,61.5474998485297,1.1277407185672244,1.3031958244045527,1.2614197229496509,1.587173251841414,1.5277545392825258
256,80,80,6.882224082946777,2,7.281296014785767,4.094666626770049,25.391333697674174,29.48600003340592,4.104499967070296,36.18800069671124,40.2924990048632,7.783663988113403,2,8.176079750061035,4.117999963151911,33.5593333778282,37.677333845446505,4.110000001674052,57.45350051438436,61.56349991215393,1.1309809001134201,1.3216845470745089,1.27780417156482,1.587639532669892,1.527914659865683,6.9798160791397095,31,7.384976029396057,4.093666657960663,25.637333727596946,29.736333487865824,4.105749976588413,36.209750600392,40.318248997209594,7.901975870132446,32,8.294536113739014,4.106999995807806,33.446000112841524,37.546333779270455,4.100499998457963,57.34125062008388,61.448749649571255,1.132118064507281,1.3045818441267567,1.2626416701504768,1.5835859035014486,1.524092716770118
256,81,88,7.129440069198608,2,7.42902398109436,4.093999984130884,26.080000214278698,30.17400003348788,4.11300000268966,36.564000649377704,40.67699931329116,8.031199932098389,2,8.331504344940186,4.090666659370375,34.14333371135096,38.23400009423494,4.177499984507449,58.471500291489065,62.64899956295267,1.126483967064351,1.3091768953536136,1.267117387545631,1.599154886036362,1.5401578440050316,7.0468961000442505,31,7.452983975410461,4.0936666531100245,25.849666931511212,29.9540000463215,4.103499974007718,36.413750873180106,40.50999926403165,7.95360803604126,31,8.374272108078003,4.1016666509676725,33.67433347739279,37.77800042492648,4.106249954929808,58.35150062921457,62.45849921833724,1.1286682708421536,1.3026989309615888,1.2612005196803693,1.6024578416114863,1.5418045014331414
256,82,88,6.96780800819397,2,7.3825600147247314,4.131999992144604,25.362667084361114,29.494666843675077,4.121499980101362,36.55300079844892,40.67449894500896,7.863919973373413,2,8.299232006072998,4.099333319269742,33.74000017841657,37.83933368201057,4.1009999986272305,58.48000053083524,62.58099933620542,1.1286074421289505,1.3303017409876823,1.2829212102161767,1.599868663404422,1.5385807068161692,7.093520164489746,32,7.508015871047974,4.0949999723428245,25.84800029095883,29.94100008315096,4.100749982171692,36.44900073413737,40.54574901238084,7.962719917297363,30,8.412407875061035,4.095666639235181,33.60100016773988,37.69666705435763,4.097499990166398,58.29125046147965,62.39499943330884,1.122534331707245,1.2999458290586956,1.259031660588088,1.5992551040469343,1.5388789442330004
256,83,88,6.990784168243408,2,7.405776023864746,4.094000022935992,25.228000440013908,29.322000220417976,4.126499981794041,36.29800089402124,40.42449907865375,7.917104005813599,2,8.33025598526001,4.147999968457347,33.70733357345065,37.85533341579139,4.111999980523251,58.1975007080473,62.30949942255393,1.1325058556060312,1.3361080143310822,1.2910215241534357,1.6033252320965476,1.541379629746769,7.074416160583496,30,7.5352559089660645,4.098666657228023,25.859666930045933,29.95533337040494,4.103499986740644,36.36150070815347,40.461749071255326,8.00600004196167,30,8.44920015335083,4.102333327561306,33.648000098764896,37.75266724793861,4.107999986445066,58.27475051046349,62.394499487709254,1.1316835001266503,1.3011768554400762,1.2602986847489812,1.6026497635009969,1.5420613522620876
256,84,88,7.04311990737915,2,7.44158411026001,4.080666655985017,25.396666916397713,29.4773334171623,4.112999973585829,36.206500546541065,40.3194990940392,7.978976011276245,2,8.35641622543335,4.091333326262733,33.72333354006211,37.81466721557081,4.094999982044101,58.22550051379949,62.32049938989803,1.1328752195339722,1.3278645442362425,1.282838806360766,1.6081504601350372,1.5456665085184909,7.133824110031128,30,7.5707279443740845,4.09466665587388,25.815000233706087,29.91766678557421,4.109999983484158,36.44425069796853,40.54349908255972,8.055663585662842,30,8.467727899551392,4.1016666461170335,33.64800005995979,37.75966714601964,4.102249971765559,58.29325059312396,62.39224935416132,1.129220942570687,1.3034282299182909,1.2621193830605368,1.5995184281940342,1.5388965127827388
256,85,88,7.068688154220581,2,7.457440137863159,4.1013333247974515,25.608666939660907,29.710000031627715,4.136999981710687,36.094500799663365,40.231499006040394,8.009088039398193,2,8.392335891723633,4.093999984130884,33.71800024372836,37.812000450988606,4.097499993804377,57.96150042442605,62.05899937776849,1.1330373988299536,1.3166636249819115,1.272702807497002,1.6058263486211348,1.5425475289511557,7.152752161026001,30,7.574928045272827,4.099333309568465,25.811666874991108,29.90966672465826,4.1099999798461795,36.194500571582466,40.29924899805337,8.092527866363525,30,8.522503852844238,4.097666664165445,33.61900007197013,37.72833396214992,4.104749972611899,58.28700040001422,62.39699953584932,1.1313865885719046,1.3024730341822106,1.261409373413237,1.610382778586461,1.548341497353049
256,86,88,7.1802239418029785,2,7.554624080657959,4.084666705845544,25.69400026307752,29.77866679430008,4.11699998221593,36.26600082498044,40.38299905369058,8.106880187988281,2,8.49182415008545,4.105999988193313,33.65866684665282,37.76466706767678,4.114999952435028,58.36900061694905,62.48399947071448,1.129056733285204,1.3099815716519856,1.2681785698648302,1.6094689044606156,1.5472847716842393,7.260864019393921,30,7.651263952255249,4.099333309568465,25.844000241098303,29.93799998269727,4.103000002942281,36.26100072870031,40.36299901781604,8.186752319335938,30,8.608016014099121,4.101999981988532,33.61533349379897,37.7363336738199,4.109999994398095,58.45425048028119,62.55799953942187,1.1275176476888906,1.3007016398468507,1.2604827876153948,1.6120418440083228,1.5498848217846515
256,87,88,7.213504076004028,2,7.599503993988037,4.100666662755732,25.49800043925643,29.598666704259813,4.089499983820133,36.377000622451305,40.46649910742417,8.140128135681152,2,8.511583805084229,4.093333331790443,33.70466688647866,37.79800057721634,4.064499978994718,58.298500371165574,62.36299948068336,1.128456856738956,1.3218552947621471,1.277017000626467,1.6026197700088738,1.5411019202608005,7.297423839569092,30,7.7035040855407715,4.093999993832161,25.828666946229834,29.93000007700175,4.105499981960747,36.439500749111176,40.552999009378254,8.219567775726318,30,8.620063781738281,4.101999996540447,33.63866684958339,37.73133363574743,4.104499996174127,58.45000041881576,62.538499594666064,1.126365681428157,1.302377196609195,1.2606526407843293,1.6040285738613327,1.542142409250755
256,88,88,7.246192216873169,2,7.632591962814331,4.09266667945,25.536000340556104,29.628666816279292,4.098499975953018,36.47750080563128,40.57599924271926,8.169087886810303,2,8.560944080352783,4.089333291631192,33.681333608304456,37.77066726858418,4.109499976038933,58.40900068869814,62.518499325960875,1.1273628469015933,1.318974512810136,1.2748014449246603,1.6012336206893085,1.540775347317635,7.327392101287842,30,7.735520124435425,4.101333305394897,25.846666850460075,29.94133330260714,4.101999969861936,36.38850076822564,40.48549913568422,8.259775638580322,30,8.651695728302002,4.096666622596482,33.672666720425084,37.768000426391765,4.1049999817914795,58.431000739801675,62.52849940210581,1.1272463005123756,1.3027856518306036,1.2614000867858184,1.6057545517462894,1.54446655560664
256,89,96,7.483327865600586,2,7.774512052536011,4.099999991012737,26.190000042940177,30.29000006305675,4.091500013601035,36.70900082215667,40.8004992059432,8.41980791091919,2,8.697855949401855,4.114666662644595,34.14000035263598,38.25466676304738,4.138000003877096,59.26700012059882,63.404999615158886,1.125142191032872,1.3035509849813391,1.2629470677916819,1.6145086707134424,1.5540250940342173,7.376431941986084,30,7.784703969955444,4.096000009061148,25.877333556612335,29.97733334389826,4.107999986445066,36.51900088880211,40.628999238833785,8.342432022094727,29,8.735039710998535,4.097333304040754,33.592666693342224,37.68533390636246,4.100249989278382,59.01750031625852,63.103249442065135,1.1309576347624444,1.2981502371506286,1.2571276261980495,1.6160765322129929,1.5531578582853731
256,90,96,7.316015958786011,2,7.732480049133301,4.110666632186621,25.708666963813204,29.819333382571735,4.104499974346254,36.56200086697936,40.66649917513132,8.274896144866943,2,8.660624027252197,4.1499999739850555,33.65600008207063,37.806000405301646,4.104999978153501,59.23750041984022,63.34249954670668,1.131065895903273,1.3091305017659558,1.2678351967250152,1.6201930697217402,1.5576088631067204,7.45029604434967,28,7.819472074508667,4.094666651023241,25.886666883404054,29.966666596010327,4.100499991182005,36.55350086046383,40.622499072924256,8.393775939941406,28,8.756687641143799,4.101333334498728,33.582666888833046,37.68400064048667,4.106499989575241,59.11550030577928,63.237499445676804,1.1266365645036716,1.2972959029485136,1.2575306138822864,1.6172322462748965,1.5567112041077236
256,91,96,7.379839897155762,2,7.764863967895508,4.101333334498728,25.704666894550126,29.806000141737364,4.100499987544026,36.4745007827878,40.57499917689711,8.319135665893555,2,8.691359996795654,4.112666637714332,33.601333387196064,37.71400048087041,4.088499990757555,59.07250044401735,63.16099950345233,1.1272786106240331,1.3072075014642646,1.2653157183630106,1.619556105669676,1.5566482017186436,7.480879902839661,28,7.871688008308411,4.090999980689958,25.889000215101987,29.99933327858647,4.101999984413851,36.529250850435346,40.64024909166619,8.434327840805054,28,8.78223991394043,4.100666653054456,33.542000222951174,37.64066713241239,4.103499981283676,59.17900044005364,63.26949951471761,1.1274513092508642,1.295608171202568,1.254716789298791,1.6200441854763183,1.556818693999881
256,92,96,7.404079914093018,2,7.79311990737915,4.1139999812003225,25.778666875946023,29.892666653419532,4.100499969354132,36.47700062720105,40.577499312348664,8.336112022399902,2,8.705872058868408,4.075999982887879,33.59466682498653,37.6706668951859,4.117499978747219,58.66150057408959,62.77899938868359,1.1258808817734183,1.303196437063764,1.2601976040460283,1.6081777439328568,1.5471382035013306,7.500976085662842,29,7.905807971954346,4.099999986162099,25.908000223959483,30.009666710005455,4.107999975531129,36.51975077809766,40.62049926142208,8.471167802810669,28,8.856104135513306,4.099333333821656,33.5873335134238,37.693667225539684,4.1059999784920365,59.17650033370592,63.286499556852505,1.1293420624286785,1.2964077977103976,1.2560508448756722,1.620397156959691,1.5579941336899488
256,93,96,7.444368124008179,2,7.838127851486206,4.086666672568147,25.663333673340578,29.749999986961484,4.116999985853909,36.48900066036731,40.60599906370044,8.385200023651123,2,8.767248153686523,4.106666659936309,33.739333506673574,37.84600039944053,4.1304999685962684,59.02800057083368,63.158499368000776,1.1263817000946998,1.3146902088454102,1.2721344677656226,1.6176929897383352,1.5553982373126993,7.55078399181366,28,7.921216011047363,4.095999989658594,25.95866688837608,30.05599998869002,4.101499980606604,36.54900082619861,40.66899936879054,8.503551959991455,28,8.88647985458374,4.10233331786003,33.55333348736167,37.67566732130945,4.099999992831727,59.14875026792288,63.24624957051128,1.126181330205017,1.292567666577145,1.2535156819099909,1.6183411018318343,1.5551464396010335
256,94,96,7.477760076522827,2,7.847519874572754,4.110666670991729,25.727333578591548,29.83800007496029,4.100499994819984,36.48050082847476,40.58099916437641,8.408432006835938,2,8.797168254852295,4.119333296936626,33.70533355822166,37.82466713649531,4.110499998205341,59.09500032430515,63.20549955125898,1.1244586508244692,1.3100982056791473,1.267667639971532,1.6199064975056126,1.5575146214424225,7.586519956588745,28,7.980232000350952,4.098333326207164,25.896333643080045,29.998333426192403,4.102999981114408,36.497500783298165,40.59699919889681,8.538536071777344,28,8.915607929229736,4.094999982044101,33.5616667677338,37.6670005498454,4.097249999176711,59.07300047692843,63.18274934892543,1.125487854857851,1.296000709224028,1.2556364386881993,1.6185491940303258,1.5563403846519366
256,95,96,7.4764320850372314,2,7.893856048583984,4.102666648880889,25.676666952980064,29.77933338843286,4.105999985767994,36.601500876713544,40.707499138079584,8.447728157043457,2,8.816991806030273,4.1053333261515945,33.800666996588305,37.90600023542841,4.097000004549045,59.24200045410544,63.33899946184829,1.1299143844227655,1.3163962074394302,1.272896197540546,1.6185675186832609,1.5559540822442273,7.6259119510650635,27,8.024215936660767,4.098999983398244,25.915000257858388,30.017000002165634,4.10399999236688,36.558750784024596,40.652499097632244,8.576263904571533,28,8.965271949768066,4.092666664898085,33.60533357287447,37.69600061544527,4.098749997865525,59.194500267039984,63.296499400166795,1.124621417032456,1.2967521990544488,1.2558217214486997,1.6191609121640649,1.5570137335997978
256,96,96,7.532864093780518,2,7.927343845367432,4.126666666707024,25.720000344639026,29.846666768814124,4.102999959286535,36.51050088228658,40.61349906260148,8.477583885192871,2,8.856863975524902,4.10199998683917,33.746000224103526,37.84800025944909,4.102500006410992,59.25500043667853,63.35749925347045,1.125413093831383,1.3120528682705639,1.2680813087977822,1.6229577520100982,1.5600108514612707,7.652184009552002,28,8.05619215965271,4.098333321356525,25.93133361854901,30.029666668269783,4.105249980057124,36.51600069133565,40.62174918362871,8.623088359832764,27,8.988952159881592,4.0970000021237265,33.56400008002917,37.67366726727535,4.109499994228827,59.11950042354874,63.229249470168725,1.1268793783668571,1.2943414547727083,1.2545482999677262,1.6190026099319346,1.5565368488772817
256,97,104,8.137423992156982,2,8.39851188659668,4.093333302686611,40.343999008958534,44.437333320577935,4.141999997955281,36.501500639133155,40.64349929103628,9.415456295013428,2,9.604351997375488,4.183999970943357,52.24199926791091,56.42600023808579,4.115000003366731,64.62049967376515,68.73550103046,1.1570561278468763,1.2949137554834458,1.2697881718288477,1.7703518634103963,1.6911806864429921,8.072023868560791,28,8.491096258163452,4.096333315828815,39.97466569611182,44.07333318764965,4.106499989575241,36.5185008267872,40.638999111251906,9.34438419342041,26,9.66926383972168,4.098666649952065,52.0113327462847,56.111666917180024,4.104999978153501,64.23974939389154,68.3602507924661,1.1576259368874333,1.3011073849041255,1.2731432559973428,1.7591014948447756,1.682134213131713
256,98,104,7.975615978240967,2,8.371808052062988,4.110666651589175,39.77333234312634,43.8839999648432,4.084999993210658,36.55200049979612,40.63699906691909,9.18342399597168,2,9.553808212280273,4.097999995186305,51.7166662029922,55.81466675115128,4.120999983570073,64.1139994841069,68.23500094469637,1.1514375843854379,1.300284968753188,1.2718682616868584,1.754048987947035,1.6791348404524211,8.107392072677612,28,8.526167869567871,4.0923333387278635,39.977998938411474,44.06733329718311,4.1059999675781,36.39100061263889,40.497749170754105,9.361328125,26,9.720752000808716,4.108333317465926,52.02633274408679,56.13800014058749,4.106499978661304,64.29274944821373,68.39475082233548,1.15466577181437,1.3013741089001603,1.2739141658970312,1.7667211224163024,1.6888531393178636
256,99,104,8.00769591331482,2,8.395599842071533,4.090666693324844,39.67066567080716,43.76133298501372,4.108999972231686,36.196500703226775,40.305498987436295,9.21999979019165,2,9.596848011016846,4.093333331790442,51.60733281324307,55.7006667368114,4.133999987971038,64.30349953006953,68.43750097323209,1.1513923468124045,1.3008940470393937,1.2728283838128596,1.776511493674225,1.6979693265815883,8.183648109436035,26,8.558583974838257,4.100666648203818,40.04433234998335,44.15266658179462,4.098000001249602,36.37500063632615,40.46949918847531,9.409647941589355,26,9.738976240158081,4.095666653787096,52.062332668962576,56.165666901506484,4.112499951588688,64.31874947156757,68.44425085000694,1.1498109175466256,1.3001173852505052,1.2720787044075195,1.7682130129596534,1.6912551976797907
256,100,104,8.037280082702637,2,8.433007717132568,4.119999978380899,39.717999209339425,43.83799984740715,4.122999969695229,36.47100063972175,40.593999437987804,9.259151935577393,2,9.642431735992432,4.153333322998757,51.79466617604096,55.948000246038035,4.115499985346105,64.43899951409549,68.55450093280524,1.152025541016593,1.3040603053303297,1.2762443642680734,1.766855813764344,1.6887841031167783,8.212271690368652,26,8.571327924728394,4.09733331859267,40.01799904896568,44.12233317270875,4.1064999750233255,36.42525075701997,40.54024914512411,9.434031963348389,26,9.768416166305542,4.098999973696968,52.06533257539074,56.19566693591575,4.104249986994546,64.29474946344271,68.40825092513114,1.148772510097616,1.3010478737750992,1.273633167039199,1.7651148070971527,1.6874156515478347
256,101,104,8.071823596954346,2,8.46560001373291,4.109333337207015,39.69266583832602,43.80199988372624,4.104000006918795,36.45150095690042,40.55549908662215,9.287248134613037,2,9.653680324554443,4.130666668061167,51.660665931801006,55.79133347297709,4.151499997533392,64.24299941863865,68.3945007622242,1.1505762016550132,1.3015166615974443,1.2737165796328227,1.7624239806914503,1.6864420929980657,8.247727870941162,26,8.599439859390259,4.09666666140159,39.92166556417942,44.00166644093891,4.1082499865296995,36.417000635992736,40.51899918704294,9.470240116119385,26,9.826223850250244,4.100999974374039,52.056332817301154,56.16933359609296,4.105999989405973,64.30724944220856,68.4370007365942,1.1482241247902278,1.3039619485217526,1.2765274167851361,1.7658579322606405,1.6890101460965703
256,102,104,8.107887744903564,2,8.482287883758545,4.102666629478335,39.805332353959486,43.90799975953996,4.087499964953167,36.315500910859555,40.40299908956513,9.319087982177734,2,9.684016227722168,4.100666653054456,51.79866620649894,55.899333441630006,4.101499973330647,64.27999946754426,68.38150089606643,1.1493854226133684,1.3012996787940765,1.2731013425289242,1.7700430354885281,1.6924857668233668,8.283344268798828,26,8.669839859008789,4.1013333247974515,39.981998813649014,44.07466660874585,4.10949998331489,36.30250069545582,40.397499164100736,9.509071826934814,26,9.867568016052246,4.103333330325161,52.06266596602897,56.157333543524146,4.109499976038933,64.2694995040074,68.37950088083744,1.1479749625707312,1.3021526564663863,1.2741408583310918,1.770387666766228,1.6926666822386602
256,103,104,8.1014723777771,2,8.517071723937988,4.108666646061465,39.62266553814213,43.73133322224021,4.117499964195304,36.51500080013648,40.63249920727685,9.34881591796875,2,9.7401442527771,4.143333343866591,51.99333272563915,56.13666695232193,4.10549997468479,64.42649953532964,68.53200087789446,1.1539650426523949,1.3122118872994195,1.2836715191608383,1.7643844481331312,1.686630215096912,8.233112096786499,24,8.714191913604736,4.092666650346169,39.9466654441009,44.06999982893467,4.10249998094514,36.43500083126128,40.55849916767329,9.50323224067688,25,9.91371202468872,4.100666648203817,52.103332709521055,56.20266691160698,4.103499981283676,64.27599943708628,68.41500068549067,1.1542697498781933,1.304322454209138,1.275304450414508,1.7641278432999896,1.6868227890449186
256,104,104,8.171552181243896,2,8.559343814849854,4.108666675165296,39.84199891177317,43.95066651826103,4.116499985684641,36.38850065181032,40.50499922595918,9.398208141326904,2,9.748112201690674,4.146666644373909,51.709999252731606,55.85666683812936,4.101500002434477,64.09349932800978,68.19500075653195,1.1501129691001108,1.2978766293136836,1.2708946476368341,1.7613668653539631,1.6836193571095435,8.306679964065552,24,8.748576164245605,4.091333335964009,40.01999902538955,44.1173332122465,4.114499970455654,36.42100072465837,40.53549899253994,9.580912113189697,26,9.949487686157227,4.096666641999036,52.07933283721407,56.17000015142063,4.102999977476429,64.281499478966,68.3900008443743,1.153398488281291,1.3013326862945152,1.273195727429609,1.7649569808620067,1.6871631667087812
256,105,112,8.424832344055176,2,8.709648132324219,4.164666655318191,40.557999086255826,44.722666808714465,4.1159999636875,36.66700090980157,40.782999189104885,9.621840000152588,2,9.88316822052002,4.138666670769453,53.30333268890779,57.44200052383045,4.107500000827713,63.65599943092093,67.76350061409175,1.1420808874543429,1.3142495658019544,1.2844046346681086,1.736056886340678,1.661562463807092,8.368559837341309,24,8.811215877532959,4.097999966082474,40.31666570032636,44.41066660607854,4.10799997189315,36.5195008344017,40.644999186042696,9.570631980895996,24,10.003056049346924,4.102666648880889,53.192666110893086,57.272666987652585,4.104500010726042,63.358499261084944,67.47550051659346,1.1436414588554327,1.3193716590125282,1.289615116468745,1.7349223788239918,1.6601181416621662
256,106,112,8.270240306854248,2,8.660975933074951,4.103333330325161,40.10733224761983,44.21066663538416,4.103999985090923,36.46250063320622,40.56649899575859,9.492847919464111,2,9.8373441696167,4.123333346797153,53.31666596854727,57.440000508601464,4.105999963940121,63.447499298490584,67.55350052844733,1.1478321750332436,1.3293495972101548,1.2992339831091613,1.7400753704947285,1.6652534036893434,8.401392221450806,24,8.838160037994385,4.095999975106679,40.26133225609859,44.34933327138424,4.109999968932243,36.487000819761306,40.61149922199547,9.673104286193848,26,10.005280256271362,4.1143333073705435,53.22533290988455,57.35300042821716,4.0987499996845145,63.36499931057915,67.4582504434511,1.1513692053914648,1.3219963157533674,1.2932099807963369,1.7366458707743597,1.6610627959017885
256,107,112,8.301872253417969,2,8.691839694976807,4.1059999784920365,40.06799908044438,44.17400007757048,4.109499968762975,36.4880008273758,40.597499057184905,9.515071868896484,2,9.88054370880127,4.092666660047447,53.14533272758126,57.23800036745767,4.080000002431916,63.37049923604354,67.45050032623112,1.1461356641544356,1.3263785052226233,1.2957395813588655,1.736749007868325,1.661444716858582,8.432768106460571,24,8.883135795593262,4.091333306860179,40.333999088034034,44.42266669745247,4.107000007934403,36.4820008398965,40.58699921006337,9.659015893936157,24,10.063231945037842,4.136666655540466,53.109332763900355,57.235333913316325,4.104499988898169,63.392499287147075,67.50500050839037,1.1454146221020978,1.3167385819586732,1.288426341064271,1.7376376796149133,1.663217331220013
256,108,112,8.338816165924072,2,8.73583984375,4.109333308103184,40.26666570765276,44.37600006349385,4.094500000064727,36.50450095301494,40.59899924322963,9.555120468139648,2,9.91155195236206,4.104666693213707,52.68933290305237,56.79400040147205,4.110499990929384,63.15199920209125,67.26250040810555,1.1458605487893965,1.3085099542532683,1.2798359545747777,1.7299784287799027,1.6567526703092905,8.469743967056274,24,8.912031650543213,4.101333315096175,40.29133217409253,44.38399996918937,4.104999996343395,36.5290007321164,40.63199908705428,9.689159870147705,24,10.07426381111145,4.107333321978027,53.19466604851186,57.29700038985659,4.101249985978939,63.3214991830755,67.43600050685927,1.143973171778798,1.3202508623608187,1.290938185599117,1.7334582910559353,1.6596771515567637
256,109,112,8.364463806152344,2,8.75926399230957,4.108666665464019,40.14666564762592,44.25533325411379,4.129499979171669,36.45050077466294,40.579999156761914,9.584703922271729,2,9.954400062561035,4.184666652387629,53.16199936593572,57.3466670854638,4.107499982637819,63.36849927902222,67.4760005204007,1.1458838419770383,1.3241946375459317,1.2958136990219837,1.7384808968953922,1.6627895988794534,8.50652813911438,24,8.900008201599121,4.096999977870533,40.26233226371308,44.3539999735852,4.099749989109114,36.473250889685005,40.573999111074954,9.726207971572876,24,10.140672206878662,4.107999974318469,53.28199942596257,57.38066711152593,4.102500002773013,63.343999383505434,67.45250057429075,1.1433816255600464,1.3233709134625473,1.2936976855683522,1.7367248007338918,1.6624563033491842
256,110,112,8.400912284851074,2,8.791903972625732,4.107333312276751,40.135998899738,44.24333324035009,4.104499974346254,36.638000688981265,40.74249922996387,9.615551948547363,2,9.983920097351074,4.107333312276751,53.05133263270061,57.15866705092291,4.095999956916785,63.3399992948398,67.43600056506693,1.1445842573415015,1.3217892686619273,1.2919159309360984,1.728806105784289,1.6551758443790179,8.540903806686401,24,8.935984134674072,4.096333344932646,40.23099900223315,44.32533328266193,4.1054999728658,36.45350071019493,40.549749217461795,9.760527849197388,24,10.125743865966797,4.102000001391085,53.22533267705391,57.331333829400435,4.0934999924502335,63.456499367021024,67.54275056300685,1.1427980071097605,1.322993064977071,1.2934213819397464,1.7407518655478316,1.6656761599383987
256,111,112,8.426592350006104,2,8.83680009841919,4.125999956158921,40.236665712048605,44.36266655102372,4.092999970453093,36.44050075672567,40.53349909372628,9.66223955154419,2,10.007503986358643,4.138666661068177,53.03999944590032,57.17866712560256,4.1099999798461795,63.33249929593876,67.4425003817305,1.1466366415051739,1.3182006636801877,1.2888915741761942,1.7379700602563688,1.6638706721514984,8.527728080749512,22,8.966679811477661,4.1009999937765915,40.27833211390922,44.379999938731395,4.107999986445066,36.51375076151453,40.61749912216328,9.79531192779541,24,10.166128158569336,4.117999989830423,53.217999365491174,57.3470003825302,4.10874997760402,63.43499926151708,67.55275063915178,1.1486426202903142,1.321256282782214,1.292181173089237,1.7372906901795893,1.6631440167199032
256,112,112,8.46555233001709,2,8.85969591140747,4.1120000144777205,40.0506656927367,44.16266658032934,4.119999983231537,36.46400081925094,40.58399912901223,9.68671989440918,2,10.058527946472168,4.1099999798461795,53.317999544863895,57.42800057244797,4.110999998374609,63.59449937008321,67.70550063811243,1.1442513750770973,1.3312637536142942,1.3003743890326402,1.744035156353685,1.6682806547201972,8.562320232391357,22,9.005752086639404,4.093999988981523,40.23899902434398,44.32599995440493,4.1027499919437105,36.45725076785311,40.56399909313768,9.830143690109253,24,10.199968338012695,4.108999979507644,53.23399940971285,57.37266724463552,4.111249989364296,63.472499256022274,67.58725055260584,1.148070081859553,1.3229454186349687,1.2943344155495824,1.7410116758444765,1.66618805008404
256,113,120,8.390223979949951,2,8.677792072296143,4.0973333234433085,27.604666499731444,31.702000026901565,4.139999990002252,36.874000797979534,41.01399931823835,10.06335973739624,2,10.260128021240234,4.179333331800686,55.185333359986544,59.364667239909366,4.115999996429309,65.06349984556437,69.17950115166605,1.1994149097145164,1.999130594840674,1.8725842908817714,1.7644817062847555,1.6867289779493144,8.295951843261719,22,8.747911930084229,4.098666657228023,27.61433325940743,31.7216663970612,4.1099999798461795,36.67725098785013,40.78874908736907,9.924848079681396,23,10.317048072814941,4.178000017418526,54.60799974389374,58.795334111588694,4.109499976038933,64.56149963196367,68.67775099817663,1.1963483235191061,1.977523745763093,1.8534755827655918,1.7602600492973315,1.6837425156400265
256,114,120,8.232719898223877,2,8.605408191680908,4.096000009061148,27.265999970647194,31.361999766280256,4.101999984413851,36.54350066790357,40.64549918984994,9.84174394607544,2,10.210383892059326,4.167999975228061,54.68466645106673,58.85266722179949,4.091000017069746,64.57749963738024,68.66850098595023,1.1954425837078086,2.0055991531554573,1.8765597748991953,1.767140488926917,1.6894490744278579,8.330431938171387,22,8.742791891098022,4.094999986894739,27.51099991534526,31.616332998964936,4.104999992705416,36.68150075827725,40.79574916977435,9.932672023773193,22,10.352679967880249,4.151666643641269,54.701333050616086,58.88233395914237,4.1042499760806095,64.42449952010065,68.5350009589456,1.1923357753227757,1.9883440521587306,1.8624023842698672,1.7563212569911861,1.6799544647098505
256,115,120,8.270159721374512,2,8.662752151489258,4.0840000146999955,26.802666446504496,30.886666344789166,4.113499973755097,36.574500845745206,40.687999047804624,9.869199752807617,2,10.254240036010742,4.1826666371586425,54.99666649848223,59.17933381473025,4.091000024345703,64.64549957308918,68.73650092165917,1.1933505621784222,2.051910268265667,1.9160155762395603,1.7675018955346737,1.6893556461427401,8.362063884735107,22,8.79578423500061,4.089999992478019,27.5786664763776,31.669999725030117,4.106999975192593,36.70225094538182,40.82274917163886,9.975599765777588,22,10.33684778213501,4.172000034789866,54.678666327769555,58.85933417206009,4.102000009879703,64.4979994976893,68.60000093001872,1.1929590473457132,1.9826435906393212,1.8585201983927113,1.7573308948726747,1.6804355983373553
256,116,120,8.301472187042236,2,8.671648025512695,4.089333330436299,26.98333324709286,31.07266640290618,4.10399999236688,36.590500618331134,40.69449909729883,9.909264087677002,2,10.248944282531738,4.162666649790481,54.949333192780614,59.112000511959195,4.131999987293966,64.60749951656908,68.73950094450265,1.1936755149459355,2.036417542992053,1.9023794014159834,1.7656905050433218,1.6891595294034558,8.397743701934814,22,8.799999952316284,4.087000013290284,27.494999832318474,31.589999756154917,4.103499992197612,36.60350092104636,40.705999243073165,9.996895790100098,22,10.35315227508545,4.140000019106083,54.65866640831034,58.79733393279215,4.115499992622063,64.61499957367778,68.74950102064759,1.1904263984380523,1.9879493268467983,1.8612641464593942,1.765268292589065,1.6889279786528397
256,117,120,8.334896087646484,2,8.703199863433838,4.076666683734706,27.147333176496126,31.22399972441296,4.110999998374609,36.54100093990564,40.65199912292883,9.940720081329346,2,10.294320106506348,4.1459999823321905,54.523999647547804,58.67000056120257,4.1149999960907735,64.4979994976893,68.61300091259181,1.1926627490968873,2.0084477282930355,1.8790033653289633,1.7650857348916358,1.6878136965690385,8.422656059265137,22,8.818367958068848,4.089333330436299,27.52866654191166,31.628666329197586,4.104499988898169,36.531500751152635,40.62649921979755,10.03110408782959,22,10.421375751495361,4.138666690172007,54.599999760588005,58.774000421787306,4.112499998882413,64.55049966461957,68.65350098814815,1.1909668419613453,1.9833870150397934,1.8582509869387336,1.7669818742002512,1.6898699692710137
256,118,120,8.323568344116211,2,8.760992050170898,4.0886666683945805,26.970666445170842,31.05933308446159,4.089499983820133,36.680000834167004,40.7694989698939,9.982048034667969,2,10.348720073699951,4.137333336984739,55.032666462163135,59.17000048793852,4.094500014616642,64.5249995868653,68.61950096208602,1.199251044982902,2.0404637228390348,1.9050634579639505,1.7591329912610307,1.6831087625765981,8.461895942687988,20,8.875632286071777,4.094666675276434,27.5226664962247,31.613999706072114,4.097999983059708,36.6765009239316,40.77699925983325,10.066080093383789,22,10.443856239318848,4.1813333227764815,54.73333317786455,58.8686674212416,4.115499992622063,64.52349957544357,68.63600097130984,1.1895773904052782,1.9886638958246416,1.8621075462948988,1.759259960738012,1.6832038212021814
256,119,120,8.372000217437744,2,8.79033613204956,4.09666666140159,26.949333182225626,31.045999727211893,4.095999986020615,36.51800088118762,40.613999066408724,9.985264301300049,2,10.379151821136475,4.136666655540466,55.09133326510589,59.22800061913828,4.115999981877394,64.57649951335043,68.69250093586743,1.1926975683185117,2.0442558965221913,1.9077498273384572,1.7683470604935894,1.6913503352267039,8.523567914962769,20,8.900335788726807,4.095999989658594,27.565999887883663,31.668666439751785,4.099999972822843,36.700000637210906,40.78499908791855,10.13040828704834,20,10.481808185577393,4.1819999702662844,54.57399971783161,58.742000721395016,4.089500005648006,64.56499954219908,68.64750094246119,1.1885173425162519,1.979757670311064,1.8548934112255415,1.7592642621574033,1.6831556326501464
256,120,120,8.420752048492432,2,8.795135974884033,4.077333321523232,26.99799979260812,31.075332973462842,4.1005000020959415,36.48600081214681,40.5864990898408,10.020607948303223,2,10.402016162872314,4.1453333202904705,54.70066641767819,58.84600058197975,4.144499987887684,64.52099955640733,68.66550107952207,1.1899896696396866,2.0261007051587163,1.8936563168038139,1.768376860171729,1.691831092096084,8.55296015739441,20,8.929416179656982,4.09599999935987,27.474999893456697,31.567999588636063,4.099999972822843,36.60375071922317,40.698499215068296,10.165311813354492,20,10.513904094696045,4.177333340824892,54.59599973013003,58.77200071699917,4.100999976799358,64.58599958568811,68.68250097613782,1.1885138742948702,1.987115557482944,1.8617587900044221,1.7644639775062592,1.687592965361943
256,121,128,8.476768016815186,2,8.878495693206787,4.082666642110174,27.010666555725038,31.093333188133933,4.10249998094514,36.841000721324235,40.94349913066253,10.04201602935791,2,10.447504043579102,4.248666674053917,53.93999977968633,58.188667210439846,4.145999988395488,64.85099974088371,68.9970008097589,1.1846515098015866,1.9969888439592578,1.8714194087318445,1.7602941958996998,1.685175968706767,8.632800102233887,20,8.994192123413086,4.093333331790443,27.66333322506398,31.785332985843223,4.100499994819984,36.75750066759065,40.883999259676784,10.166672229766846,21,10.543807983398438,4.195333332366621,53.76199966606995,57.965333883961044,4.1109999947366305,64.6499996073544,68.76250100322068,1.1776795604401917,1.943438964085486,1.8236503581629318,1.7588246870211384,1.6818927269436676
256,122,128,8.511983871459961,2,8.912240028381348,4.075333340248713,26.98333316948265,31.058666335108377,4.109500005142763,36.662000755313784,40.771499276161194,10.107615947723389,2,10.499024391174316,4.213999976248791,54.38799969851971,58.60200066429873,4.119499993976206,64.65299963019788,68.77250107936561,1.187457131070638,2.015614577965888,1.8868163890880165,1.7634880338827958,1.686778811187265,8.667495965957642,20,9.027552127838135,4.091333316561456,27.62133321569612,31.722666268857814,4.101999991689809,36.715500929858536,40.815499145537615,10.225231885910034,21,10.60920000076294,4.220666693678747,53.98799979593605,58.18400054704398,4.113249979127431,64.67299960786477,68.77950095804408,1.1797215627293671,1.9545761739428562,1.8341459716506645,1.761463086978341,1.6851319326708218
256,123,128,8.547152042388916,2,8.947375774383545,4.101333305394898,26.87999978661537,30.98133307260772,4.086999990249751,36.69250087114051,40.77949927886948,10.152207851409912,2,10.508624076843262,4.222666670102626,54.05599965403478,58.27866719725232,4.131499990762677,64.50099952053279,68.63250094465911,1.1877883768840019,2.0110119078554245,1.881089721370952,1.7578796208809058,1.6830148029851384,8.702400207519531,20,9.068143844604492,4.089999992478019,27.650666500752173,31.73399972729385,4.105999971216079,36.75800090422854,40.85299914004281,10.280984163284302,20,10.664711952209473,4.202999989502132,53.88599960133433,58.07100050151348,4.10499997997249,64.61824959842488,68.72925104107708,1.1813963869876674,1.9488137690955294,1.829930075015651,1.7579369935482911,1.682355089903567
256,124,128,8.580336093902588,2,8.976608276367188,4.083333323554446,27.0033332441623,31.086666431898873,4.126499981794041,36.72350064152852,40.84999917540699,10.161104202270508,2,10.54854440689087,4.1813333227764815,53.95266638758282,58.134000515565276,4.108499975700397,64.81049966532737,68.919001147151,1.1842314905929217,1.998000243145781,1.8700622224296266,1.7648235743636287,1.687123685149116,8.73200798034668,20,9.142760038375854,4.091333326262732,27.60866654959197,31.692999686735373,4.10574995476054,36.74600087106228,40.85524921538308,10.313496112823486,20,10.653840065002441,4.198000019338603,53.943999810144305,58.12466726638377,4.109499976038933,64.66099957469851,68.75700096134096,1.1811139128636043,1.9538792180798585,1.833990718483835,1.759674469109902,1.682941660663084
256,125,128,8.617503643035889,2,9.015168190002441,4.091999988304451,26.95999989130845,31.051999578873314,4.0944999891507905,36.63350106216967,40.727999119553715,10.211152076721191,2,10.581039905548096,4.218000006706765,54.07199969825645,58.290000539273024,4.092999959539156,64.67199954204261,68.76500090584159,1.1849315648358543,2.005637979089479,1.8771738158508635,1.7653786197581718,1.688396248094279,8.767920017242432,20,9.181519985198975,4.084666654913842,27.678999894609053,31.767999656343214,4.1077499899984105,36.74775079707615,40.85524912807159,10.352728128433228,20,10.732760190963745,4.195666648835564,53.93599959400793,58.114333815562226,4.109749990675482,64.73149958765134,68.8410010188818,1.1807507491028904,1.9486253043598178,1.8293356347338778,1.7615091586177223,1.6849977050214884
256,126,128,8.636000156402588,2,9.043759822845459,4.082666661512727,26.84666650990645,30.929333103510242,4.122999976971187,36.74750082427636,40.870499156881124,10.238368034362793,2,10.591599941253662,4.23933332785964,53.70533295596639,57.94466705992818,4.126999956497457,64.35399944894016,68.48100095521659,1.1855451423043613,2.0004469804900755,1.8734534904456734,1.7512483299660537,1.6755606701144692,8.850687980651855,18,9.213799715042114,4.095333317915599,27.66066655749455,31.7566663143225,4.094749987416435,36.73000089474954,40.83424908458255,10.393759965896606,20,10.756384134292603,4.239666680708372,53.850666425811745,58.08266717940569,4.119000001082895,64.62724960874766,68.72875103726983,1.174344863203629,1.9468318420266382,1.8289913243573037,1.7595221354319641,1.683115340137825
256,127,128,8.690576076507568,2,9.075503826141357,4.103333291520054,26.97399992030114,31.07733310510715,4.116999978577951,36.668000801000744,40.78499897150323,10.26801586151123,2,10.639647960662842,4.21133331353,54.0259995808204,58.237333937237665,4.101000005903188,64.64799959212542,68.74900101684034,1.1815115328508325,2.0028916638410537,1.8739488919551828,1.7630631117025894,1.6856442993875214,8.891551971435547,18,9.249856233596802,4.0943333054504665,27.665666479151696,31.76166635239497,4.103749975911342,36.69700073078275,40.813999134115875,10.420112133026123,20,10.800960063934326,4.187999996550692,53.89433295931667,58.08066724178691,4.097249997357721,64.69049968291074,68.78075102576986,1.1719115140417706,1.9480583632398802,1.8286404308068482,1.7628279803435285,1.685224493678125
256,128,128,8.747312068939209,2,9.147424221038818,4.084666647637884,26.924666521760322,31.00933305298289,4.087500001332955,36.6345007205382,40.72199936490506,10.345695972442627,2,10.710000038146973,4.198666681380322,53.81999956443906,58.01866723534962,4.101000013179146,64.619499607943,68.72050103265792,1.1827285788944368,1.9989105351014143,1.8710066139190509,1.7638973737047745,1.687552234772698,8.962847709655762,18,9.34551215171814,4.0933333220891654,27.653999937077366,31.74866627280911,4.111999965971336,36.708000785438344,40.81924934871495,10.543536186218262,18,10.879848003387451,4.200666696609308,54.02966631421199,58.21500062787285,4.13525001022208,64.69274958362803,68.83550103520975,1.1763600730222838,1.9537740087202067,1.8336203520376104,1.7623610166558275,1.6863490175224594
3000,1,1,3.691632032394409,2,,,,,,,,3.687935948371887,2,,,,,,,,0.9989987940319922,,,,,3.652575969696045,756,,,,,,,,3.6480079889297485,756,,,,,,,,0.9987493810384246,,,,
3000,8,8,4.389456033706665,2,,,,,,,,4.345279932022095,2,,,,,,,,0.9899358596269465,,,,,4.363584041595459,736,,,,,,,,4.336192011833191,736,,,,,,,,0.993722584577,,,,
3000,16,16,4.7271199226379395,2,,,,,,,,4.730223894119263,2,,,,,,,,1.0006566305767828,,,,,4.776311874389648,712,,,,,,,,4.794983983039856,712,,,,,,,,1.0039093152083152,,,,
3000,32,32,5.566431999206543,2,,,,,,,,5.636831998825073,2,,,,,,,,1.0126472396731991,,,,,5.691760063171387,664,,,,,,,,5.7584720849990845,664,,,,,,,,1.0117208071119088,,,,
3000,64,64,7.705248117446899,2,,,,,,,,7.8983519077301025,2,,,,,,,,1.0250613331770537,,,,,7.89357590675354,568,,,,,,,,8.083792209625244,568,,,,,,,,1.0240976086274105,,,,
3000,96,96,10.174144268035889,2,,,,,,,,11.128543853759766,2,,,,,,,,1.093806374332858,,,,,10.412079811096191,472,,,,,,,,11.362904071807861,472,,,,,,,,1.0913193404163473,,,,
3000,128,128,12.360496044158936,2,,,,,,,,13.986335754394531,2,,,,,,,,1.131535150727539,,,,,12.63811206817627,372,,,,,,,,14.255552053451538,372,,,,,,,,1.127981139631457,,,,
